video_title,bvid,comment,comment_time,like_count,reply_count
【劳动文化033】一千多万应届毕业生，就业往何处去？为什么他们还要继续科举？,BV1L8Gq6hEyG,去应聘新生儿吧  那边缺口很大[doge],2026-05-23 18:06:22,578,20
【劳动文化033】一千多万应届毕业生，就业往何处去？为什么他们还要继续科举？,BV1L8Gq6hEyG,删我评论没用啊，这是马克思告诉我的[doge][doge][doge],2026-05-23 17:39:37,24,3
【劳动文化033】一千多万应届毕业生，就业往何处去？为什么他们还要继续科举？,BV1L8Gq6hEyG,笑鼠了吧市面上单休10小时的工作换成双休八小时我都不敢想可以多出多少就业岗位[doge],2026-05-23 17:12:38,995,93
【劳动文化033】一千多万应届毕业生，就业往何处去？为什么他们还要继续科举？,BV1L8Gq6hEyG,工科也不好找工作。和有工作经验的说年龄，和年轻人说经验，这是我找工作遇到的情况。,2026-05-23 17:32:48,537,20
【劳动文化033】一千多万应届毕业生，就业往何处去？为什么他们还要继续科举？,BV1L8Gq6hEyG,心里有话,2026-05-23 18:42:21,556,12
【劳动文化033】一千多万应届毕业生，就业往何处去？为什么他们还要继续科举？,BV1L8Gq6hEyG,我们的劳动市场。。。会变成什么样子（抽泣）,2026-05-23 17:39:37,212,8
【劳动文化033】一千多万应届毕业生，就业往何处去？为什么他们还要继续科举？,BV1L8Gq6hEyG,精彩，一千多万刚出栏的叠加前几年出栏还没找到的，简直吓人[笑哭],2026-05-23 17:03:35,1030,37
【劳动文化033】一千多万应届毕业生，就业往何处去？为什么他们还要继续科举？,BV1L8Gq6hEyG,冷知识，6天10小时的工作时长是5天8小时的1.5倍，相当于2个人干了3个人的工[藏狐]为什么没有就业岗位，问题就出在这上面,2026-05-24 12:05:03,56,1
【劳动文化033】一千多万应届毕业生，就业往何处去？为什么他们还要继续科举？,BV1L8Gq6hEyG,去年我们组招的应届生上个月就全裁光了，一年工作经验都没攒够，进来干的还都是些杂活累活重复性工作，东西没学到多少应届生身份还没了，都不知道找下一份工作简历要怎么写，还要面对出门在外租房社保等问题，唉😔😔,2026-05-23 18:42:56,121,3
【劳动文化033】一千多万应届毕业生，就业往何处去？为什么他们还要继续科举？,BV1L8Gq6hEyG,那么多失业的青年，壮年，想想就刺激,2026-05-23 17:08:21,26,8
【劳动文化033】一千多万应届毕业生，就业往何处去？为什么他们还要继续科举？,BV1L8Gq6hEyG,当灵活就业的蓄水池也开始筛人的时候，才是麻烦真的大了的时候,2026-05-23 17:07:34,165,3
【劳动文化033】一千多万应届毕业生，就业往何处去？为什么他们还要继续科举？,BV1L8Gq6hEyG,上山下乡啊[调皮]老祖宗的智慧🉐用起来,2026-05-23 17:22:25,306,38
【劳动文化033】一千多万应届毕业生，就业往何处去？为什么他们还要继续科举？,BV1L8Gq6hEyG,今天找工作，看到有一个工作招聘在boss app上面最后一条绷不住了。是卖奶的。前面说的一大堆都是各种福利。最后补上一条，辞职要跟我说一声，不要直接逃跑🤣。,2026-05-23 17:32:19,143,5
【劳动文化033】一千多万应届毕业生，就业往何处去？为什么他们还要继续科举？,BV1L8Gq6hEyG,想干什么自己选,2026-05-23 17:02:03,910,46
【劳动文化033】一千多万应届毕业生，就业往何处去？为什么他们还要继续科举？,BV1L8Gq6hEyG,现在制造业的环境是：企业声称严重缺人招不到人，然后开出月薪五六千不给加班费的工资让你996。但制造业本身的利润就很低，企业多一点用工成本哪怕多招几个人就会导致利润变0甚至亏损倒闭，全靠过量的订单撑着，于是就只能招牛马把人当牛马用还说缺人了😅😅恶性内卷带来的后果还在发酵,2026-05-23 22:15:43,48,3
【劳动文化033】一千多万应届毕业生，就业往何处去？为什么他们还要继续科举？,BV1L8Gq6hEyG,提供一条身边案例：在某985大四，身边没有考研和找到工作的同学，被一对一指导签署“以进行自由职业工作”，要求填月薪1.2-1.5w,2026-05-23 19:48:54,85,5
【劳动文化033】一千多万应届毕业生，就业往何处去？为什么他们还要继续科举？,BV1L8Gq6hEyG,我说身边朋友能有30%就业就不错了。老有网友提出反对，说是身边经济学。为了方便网友们真实统计，有没有人一起上街，站几排让大家统计一下？[呲牙]看是你愚弄大众，还是我说了慌。,2026-05-24 11:20:17,31,1
【劳动文化033】一千多万应届毕业生，就业往何处去？为什么他们还要继续科举？,BV1L8Gq6hEyG,20年前我爸到珠三角打拼，上夜班的话早上7点多就带早餐回家给我吃了。而现在你看看还能在珠三角找到夜班能在早上8点前下班的厂吗？,2026-05-23 17:43:26,86,5
【劳动文化033】一千多万应届毕业生，就业往何处去？为什么他们还要继续科举？,BV1L8Gq6hEyG,当下不止应届毕业生和失业人数在增长，还有死亡人数抬头，生育率暴跌，加之未来老龄化严重，ai也在疯狂冲击岗位，以后会不会越来越难啊？[酸了],2026-05-24 13:44:16,99,10
【劳动文化033】一千多万应届毕业生，就业往何处去？为什么他们还要继续科举？,BV1L8Gq6hEyG,就业岗位都被拿一份工资干三个人的活的人占满了,2026-05-23 17:02:06,201,9
【劳动文化033】一千多万应届毕业生，就业往何处去？为什么他们还要继续科举？,BV1L8Gq6hEyG,某985大四，身边没有找到工作的同学，被辅导员一对一和学院签劳务协议，用来填写就业去向，不签不给毕业证,2026-05-23 21:18:53,112,15
【劳动文化033】一千多万应届毕业生，就业往何处去？为什么他们还要继续科举？,BV1L8Gq6hEyG,[doge_金箍]我来告诉你普通人最最容易接触到的双休职业是什么？答：一二线城市的装修工，你敢加班那就真的有人就敢举报,2026-05-25 13:47:51,39,5
【劳动文化033】一千多万应届毕业生，就业往何处去？为什么他们还要继续科举？,BV1L8Gq6hEyG,80岁正是“奋斗”的年纪,2026-05-23 20:45:14,86,0
【劳动文化033】一千多万应届毕业生，就业往何处去？为什么他们还要继续科举？,BV1L8Gq6hEyG,我相信我花个几十上百万从幼儿园到研究生毕业出来后肯定能年入百万的,2026-05-25 12:26:05,4,0
【劳动文化033】一千多万应届毕业生，就业往何处去？为什么他们还要继续科举？,BV1L8Gq6hEyG,"知道我说的大家不爱听，不过还是说来图一乐吧。
其实就业盘子崩的根本原因，是中小企业盘子崩了。而中小企业崩盘的原因，是大企业的产量实在是太大了。
我教大家一个算法，根据银行的利率，乘以2就是大部分A股中下游企业和小企业的年净利润，我们这边的数字，只有不到3%了。再把A股的数据拿出来，把头部的100家剪掉，算下总净利润，得出来的数字如何和上面的那个数字算下差值，就是当前小企业的生存空间，如果两个数字非常接近，那就代表着。。。。小企业还会继续倒闭，就业只会更差，细品把。",2026-05-24 01:19:33,177,23
【劳动文化033】一千多万应届毕业生，就业往何处去？为什么他们还要继续科举？,BV1L8Gq6hEyG,年轻人你说的对，我作为80后都不在意养老，小日子那边已经有前车之鉴了。,2026-05-23 17:27:27,48,6
【劳动文化033】一千多万应届毕业生，就业往何处去？为什么他们还要继续科举？,BV1L8Gq6hEyG,真按照学校和书本说的东西学进去了，那会成为一个理想主义者，但现实会让你成为彻底的悲观主义者,2026-05-23 17:59:56,32,0
【劳动文化033】一千多万应届毕业生，就业往何处去？为什么他们还要继续科举？,BV1L8Gq6hEyG,我朋友所在的组，自他入组以来，业务量扩张了两倍不止，人员规模甚至还缩水了[呲牙]工资更是三年涨500[呲牙]油水从哪里榨出来的一目了然[笑哭]甚至她的直属领导以“我们部门这么多年没扩招，成本控制很到位”来向上级标榜自己[无语],2026-05-23 20:40:12,56,4
【劳动文化033】一千多万应届毕业生，就业往何处去？为什么他们还要继续科举？,BV1L8Gq6hEyG,"日经：截至4月1日，2026年春季毕业的本科生就业率为98.0%，创下1997年开展调查以来的第二高。
求职市场持续呈现出学生占优势的”卖方市场”格局。按性别来看，男生就业率下降至97.5%，女生则增至
历史最高的98.7%。",2026-05-23 17:43:17,50,4
【劳动文化033】一千多万应届毕业生，就业往何处去？为什么他们还要继续科举？,BV1L8Gq6hEyG,我已经为广大毕业生贡献了一个国企岗位，至于他们为什么不招毕业生而要招“自己人”，我实在无能为力了。,2026-05-24 18:17:36,19,0
【劳动文化033】一千多万应届毕业生，就业往何处去？为什么他们还要继续科举？,BV1L8Gq6hEyG,都不知道有生之年能不能实现八个小时工作八个小时休息八个小时玩乐的日子,2026-05-23 21:44:04,64,12
【劳动文化033】一千多万应届毕业生，就业往何处去？为什么他们还要继续科举？,BV1L8Gq6hEyG,昨天刚看到一个地狱笑话，meta谷歌微软三巨头用人工智能把员工“蒸馏”成skill，于是便有了赛博鬼故事《同事肉身离职，炼化的 skill 还在工位拉磨...》[笑哭],2026-05-24 00:13:26,80,1
【劳动文化033】一千多万应届毕业生，就业往何处去？为什么他们还要继续科举？,BV1L8Gq6hEyG,所谓的本升专不过是为了暂缓就业，相信后人智慧罢了，我08年中专那会一开始说包分配，后来第二年学校发现自己做不到，就开始给大家安排其他热门专业课程让学生多条路。大学如果教学脱离实际，完全可以在本科期间删掉水课和无用的毕业设计论文做类似技能培训，而不是现在这个劝大学生去读技校。再说技校就业是真的好嘛，玩两年不管啥专业都送进厂里打螺丝，不去就不给发毕业证，打螺丝期间学费住宿费照样要交，然后打工工钱学校还得贪一半。,2026-05-23 20:54:22,37,1
【劳动文化033】一千多万应届毕业生，就业往何处去？为什么他们还要继续科举？,BV1L8Gq6hEyG,别说这几年应届生找不到工作了，大模型再发展下去，在职也得失业[2233娘_吐魂],2026-05-23 17:21:13,24,2
【劳动文化033】一千多万应届毕业生，就业往何处去？为什么他们还要继续科举？,BV1L8Gq6hEyG,公布的失业率，跟评论里面的截然相反，我想如何改善就业的第一步，就是公布每个地区的失业率，学校专业的就业率，这样才能自发的去配置资源，大家也能往招工多的地方跑，接下来就是up这样更多的人去保障劳工权益跟资方谈判,2026-05-23 17:10:29,60,3
【劳动文化033】一千多万应届毕业生，就业往何处去？为什么他们还要继续科举？,BV1L8Gq6hEyG,公司让一个人干两个人的活，如果劳动法能严格执行那还能创造大量轮班的工作岗位,2026-05-23 17:07:16,33,0
【劳动文化033】一千多万应届毕业生，就业往何处去？为什么他们还要继续科举？,BV1L8Gq6hEyG,总算出社会了，又可以看到新的一批洗心革面盘盘。,2026-05-23 18:13:28,6,0
【劳动文化033】一千多万应届毕业生，就业往何处去？为什么他们还要继续科举？,BV1L8Gq6hEyG,这年头能找个双休8小时的工作，家里大小是个门阀世家[妙啊],2026-05-23 18:42:19,69,23
【劳动文化033】一千多万应届毕业生，就业往何处去？为什么他们还要继续科举？,BV1L8Gq6hEyG,"我又想起我同学的那个笑话：“吃不消可以找轻松一点的工作啊。”
在结构性压迫面前，即使有低工资但轻松的工作也会变成一种稀缺需求，彻底变成兼职岗位工资低到难以糊口，或者不再轻松，或者不在对外开放。",2026-05-23 19:03:07,33,2
【劳动文化033】一千多万应届毕业生，就业往何处去？为什么他们还要继续科举？,BV1L8Gq6hEyG,我干了，去年六月份毕业，家里蹲了一年了。不敢看这个视频。,2026-05-24 15:57:42,15,3
【劳动文化033】一千多万应届毕业生，就业往何处去？为什么他们还要继续科举？,BV1L8Gq6hEyG,国家确实应该管管失业年轻人的工作情况，我毕业也gap了两年，后来上岸了事业编。但是有好多毕业生考研也没考上，考公考编也没成功，那怎么办呢？都去送外卖开滴滴吗？市场上的能找到的也都是销售类的工作吧。也就现在生活好了，考公考编多考几年也没啥，这么多失业年轻人社会居然也不乱。,2026-05-24 22:30:57,52,7
【劳动文化033】一千多万应届毕业生，就业往何处去？为什么他们还要继续科举？,BV1L8Gq6hEyG,刚下班吃点吧,2026-05-24 21:24:33,56,9
【劳动文化033】一千多万应届毕业生，就业往何处去？为什么他们还要继续科举？,BV1L8Gq6hEyG,今年28失业了，现在就业简直地狱难度，存款20w躺平吃利息,2026-05-23 22:33:34,56,13
【劳动文化033】一千多万应届毕业生，就业往何处去？为什么他们还要继续科举？,BV1L8Gq6hEyG,那不然呢？一人发一把铁锹去填海峡吗？23333,2026-05-24 13:28:01,9,1
【劳动文化033】一千多万应届毕业生，就业往何处去？为什么他们还要继续科举？,BV1L8Gq6hEyG,实在不行把火星文搬出来用[doge],2026-05-23 17:18:11,169,22
【劳动文化033】一千多万应届毕业生，就业往何处去？为什么他们还要继续科举？,BV1L8Gq6hEyG,有个问题我很困惑，这个星球上就业问题解决的相对最好的国家是哪个？以前一直说德国搞得不错，但是实际看下来德国和整个北欧年轻人也面临很多的压力，就业问题简直就像是资本发展的死穴，越发展越失业。,2026-05-23 22:09:30,55,12
【劳动文化033】一千多万应届毕业生，就业往何处去？为什么他们还要继续科举？,BV1L8Gq6hEyG,猫头鹰老师，最近山西煤矿事故充上了热搜。互联网网上普遍认知是＂采煤工人工作危险，但工资福利待遇高，因此认为整体行业水平较好＂，能不能出一些视频讲解一下真实情况。,2026-05-24 13:24:22,26,3
【劳动文化033】一千多万应届毕业生，就业往何处去？为什么他们还要继续科举？,BV1L8Gq6hEyG,我想知道这批人出来后，还能嘴硬多久，能撑过1个月吗？[滑稽],2026-05-23 20:18:36,18,4
【劳动文化033】一千多万应届毕业生，就业往何处去？为什么他们还要继续科举？,BV1L8Gq6hEyG,在一两年前看过一篇文章，说大学生是当代孔乙己，我大为赞同，但后来想了想，花了那么多时间金钱和努力那个孔乙己脱得下长衫。,2026-05-23 17:49:54,22,2
【劳动文化033】一千多万应届毕业生，就业往何处去？为什么他们还要继续科举？,BV1L8Gq6hEyG,说不会技能不好找，但是真的自学完了或者是花钱报培训班学完出来，又说没有实际的相关工作经验不要，这怎么搞[思考],2026-05-23 20:00:14,66,18
【劳动文化033】一千多万应届毕业生，就业往何处去？为什么他们还要继续科举？,BV1L8Gq6hEyG,很多人不明白为什么企业普遍少招人，就两个字，社保，在发达地区，底薪岗位的企业用人成本里社保能占一半,2026-05-23 21:28:50,66,17
【劳动文化033】一千多万应届毕业生，就业往何处去？为什么他们还要继续科举？,BV1L8Gq6hEyG,我有个好办法解决就业问题，轮流上班就行，上几年存了钱休息几年别人上,2026-05-25 16:16:47,6,1
【劳动文化033】一千多万应届毕业生，就业往何处去？为什么他们还要继续科举？,BV1L8Gq6hEyG,考研读博考公，考不上接着考，反正在家也花不了多少钱，还能得个“上进”的名声,2026-05-25 11:19:57,14,1
【劳动文化033】一千多万应届毕业生，就业往何处去？为什么他们还要继续科举？,BV1L8Gq6hEyG,在可预见的未来，这一批以及未来的大多数大学生会集中到类似“北有马驹桥，南有三和”的地方去打零工！当技术的创新只是为少数人保持其优势地位，并且通过教育体系相互结合更加巩固这一地位！,2026-05-23 17:03:05,43,0
【劳动文化033】一千多万应届毕业生，就业往何处去？为什么他们还要继续科举？,BV1L8Gq6hEyG,让两份工作压给一个人干，996同时创造了干到累死的就业人员和焦虑的失业青年,2026-05-24 02:25:27,11,1
【劳动文化033】一千多万应届毕业生，就业往何处去？为什么他们还要继续科举？,BV1L8Gq6hEyG,中国人口已经崩盘了，人口缺员急剧上升，所以，年轻人要大生多生，人越多缓就业的人也就越多，我们的国家就会越强大。国策鼓励多生,2026-05-25 08:35:41,9,2
【劳动文化033】一千多万应届毕业生，就业往何处去？为什么他们还要继续科举？,BV1L8Gq6hEyG,现如今最大问题就是垄断，这个问题不解决还要出更大的麻烦,2026-05-24 07:45:41,20,3
【劳动文化033】一千多万应届毕业生，就业往何处去？为什么他们还要继续科举？,BV1L8Gq6hEyG,别噶黑啊，现在哪有找不到工作的，是慢就业缓就业自由就业[颂乐人偶_眯眼笑]，大学毕业的时候辅导员那是逼着你也得说自己毕业有工作啊,2026-05-24 00:21:58,9,0
【劳动文化033】一千多万应届毕业生，就业往何处去？为什么他们还要继续科举？,BV1L8Gq6hEyG,[笑哭],2026-05-23 19:51:16,70,5
【劳动文化033】一千多万应届毕业生，就业往何处去？为什么他们还要继续科举？,BV1L8Gq6hEyG,以前暑假干过火锅店。从早上8点干到晚上12点，饭都没时间吃，一个月6000，店长还看不得你闲着。,2026-05-25 15:37:10,15,5
【劳动文化033】一千多万应届毕业生，就业往何处去？为什么他们还要继续科举？,BV1L8Gq6hEyG,"80后路过。当年互联网不发达，消息闭塞，大学填志愿是我自己拍脑袋的，爸妈完全不懂，老师也没提供建议。大学毕业完全不知道干啥，我们学校就是普通本科，连校招都没见过。去老爸朋友的厂里当文员，月薪2000，无社保。干了一年又在远房亲戚的介绍下去了另一个厂里干维修工，好消息是有五险一金，每月扣完五险一金到手1200。谈了个老家的对象，对方是老师，每个月到手3000，看着周边的房价有种无力感。好在后来努力学习努力考证努力评职称，加上当年本科生在厂里还有那么一丢丢学历优势，我大部分同事和领导都是职校或者专科，慢慢从工人到技术员到主管到主任。不过那也是早些年了，跟我同年进厂的本科同事基本上都混到了中层，也是那些年公司发展快+大学生进厂的相对稀有。现在不行了，名校本科生研究生进了厂也是下面混着，向上升遥遥无期，因为中层已经站满人了，而且现在大环境不好，上升机会太少了。
我们大部分80后小时候挺苦的，我当年看电视得去隔壁家蹭，夏天晚上经常停电点蜡烛，空调啥的是有钱人家才有的东西。考全班第一跟老爸要的奖励是一碗康师傅红烧牛肉面。我梦想的生活是可乐雪碧能当水喝。00后物质生活比我们是好多了，进了社会后，哎[笑哭]一代人有一代人的困难",2026-05-23 20:08:15,19,1
【劳动文化033】一千多万应届毕业生，就业往何处去？为什么他们还要继续科举？,BV1L8Gq6hEyG,我勒个亲眼看见2分钟评论消失,2026-05-23 17:06:31,9,5
【劳动文化033】一千多万应届毕业生，就业往何处去？为什么他们还要继续科举？,BV1L8Gq6hEyG,国企外派（正式职工），上13休1，早八晚六，谁爱干谁干吧,2026-05-23 23:17:16,7,0
【劳动文化033】一千多万应届毕业生，就业往何处去？为什么他们还要继续科举？,BV1L8Gq6hEyG,被控评了，有没有跟我一样被控评的过来集合报个到？,2026-05-23 17:42:41,90,26
【劳动文化033】一千多万应届毕业生，就业往何处去？为什么他们还要继续科举？,BV1L8Gq6hEyG,招聘行骗的公司生意来了，和往年一样没人能把他们怎么样,2026-05-23 22:30:43,5,0
【劳动文化033】一千多万应届毕业生，就业往何处去？为什么他们还要继续科举？,BV1L8Gq6hEyG,大三德语一次考过已经准备润德国了，我们双非会计出来事务所工作也是加班加到④拿三四千工资，更别说我们今年大四毕业生就业率才40%左右，总有人说什么欧洲周六日商店不开门没有外卖不方便，我觉得那都不是我这种没准那天在工位前猝死的人应该最先考虑的[热],2026-05-23 17:30:28,212,36
【劳动文化033】一千多万应届毕业生，就业往何处去？为什么他们还要继续科举？,BV1L8Gq6hEyG,接着卷吧，今年浙江省的事业编都卷到140进面了，人都考麻了,2026-05-23 22:31:47,7,1
【劳动文化033】一千多万应届毕业生，就业往何处去？为什么他们还要继续科举？,BV1L8Gq6hEyG,能双休就好了，工资2000也行,2026-05-23 22:51:29,17,5
【劳动文化033】一千多万应届毕业生，就业往何处去？为什么他们还要继续科举？,BV1L8Gq6hEyG,up的音频....声音太小了，我耳机其他视频9%左右都非常清晰，这条开到18左右才勉强听清，视频内容还是不错的,2026-05-24 10:58:29,2,0
【劳动文化033】一千多万应届毕业生，就业往何处去？为什么他们还要继续科举？,BV1L8Gq6hEyG,很有意思的是，这样的视频我7年前就在看了,2026-05-23 20:29:06,5,1
【劳动文化033】一千多万应届毕业生，就业往何处去？为什么他们还要继续科举？,BV1L8Gq6hEyG,1200万毕业生  都不好找  说实话[辣眼睛]  也就顶多能有5/1的人能找到工作少之又少    我也是今年毕业生  6月份拿到毕业证也开始找了    祝大家也能找到属于自己的工作  我学的网络  打算跨专业跨行业找了   没办法  现在就是 多份技能多份工作   没办法   学一个太难找了   或者说找不到  已经放弃学校的校招了  校招不是药企  就是矿企  打算做社会底层工作了,2026-05-24 00:49:28,18,2
【劳动文化033】一千多万应届毕业生，就业往何处去？为什么他们还要继续科举？,BV1L8Gq6hEyG,都还没意识到对社会重要的是底层工作本身，而不是干工作的人。,2026-05-23 17:04:54,22,0
【劳动文化033】一千多万应届毕业生，就业往何处去？为什么他们还要继续科举？,BV1L8Gq6hEyG,我搞不懂为啥总说一千多万大学毕业生没工作，初中高中中专毕业的不计算吗[笑哭],2026-05-23 17:37:17,41,7
【劳动文化033】一千多万应届毕业生，就业往何处去？为什么他们还要继续科举？,BV1L8Gq6hEyG,我也不知道该干什么，大厂和研发岗位都要研究生，我最初想着毕业就去找工作，积累几年经验不比考研的差。但现在。。。有点不敢赌，最大的问题就是趋于保守，学校（高中，大学目前来说也。。。。）并没有培养我独立思考的能力,2026-05-23 18:22:22,15,0
【劳动文化033】一千多万应届毕业生，就业往何处去？为什么他们还要继续科举？,BV1L8Gq6hEyG,发不出评论这一块,2026-05-23 17:53:53,3,0
【劳动文化033】一千多万应届毕业生，就业往何处去？为什么他们还要继续科举？,BV1L8Gq6hEyG,我这边县城都踏马月休一天和无休的工作都有了,2026-05-23 19:07:18,9,7
【劳动文化033】一千多万应届毕业生，就业往何处去？为什么他们还要继续科举？,BV1L8Gq6hEyG,😅,2026-05-23 17:23:37,70,7
【劳动文化033】一千多万应届毕业生，就业往何处去？为什么他们还要继续科举？,BV1L8Gq6hEyG,我们不是还要引进全球本科精英吗[2026愚人节·小会员表情包_何意味],2026-05-24 11:47:19,5,0
【劳动文化033】一千多万应届毕业生，就业往何处去？为什么他们还要继续科举？,BV1L8Gq6hEyG,分配改革的任务来没有像今天这样紧迫,2026-05-23 20:23:08,9,0
【劳动文化033】一千多万应届毕业生，就业往何处去？为什么他们还要继续科举？,BV1L8Gq6hEyG,坏了我真有闲鱼号，别给我算成就业了吧[呲牙],2026-05-23 17:41:42,9,1
【劳动文化033】一千多万应届毕业生，就业往何处去？为什么他们还要继续科举？,BV1L8Gq6hEyG,这集在资本论里看过了,2026-05-23 21:56:19,5,0
【劳动文化033】一千多万应届毕业生，就业往何处去？为什么他们还要继续科举？,BV1L8Gq6hEyG,"不知道有没有发现：整个世界的就业形势可能整体都在恶化，对应的时间节点，其实与“电子娱乐增加、互联网的兴盛、人口出生率下降”同步。
其实电子娱乐、互联网，这种娱乐会消费掉人们巨量的时间，但却消费不了同等的钱，于是整体的消费在降低；出生人口下降，消费市场从增量市场开始变成存量市场甚至萎缩的市场，而劳动生产率却是不降反增的，于是矛盾就来了：市场降低、生产率增加、单位时间消费金额下降，于是所有的问题都产生了",2026-05-24 14:30:30,70,63
【劳动文化033】一千多万应届毕业生，就业往何处去？为什么他们还要继续科举？,BV1L8Gq6hEyG,轮回早点重新分蛋糕吧[微笑],2026-05-23 19:15:38,11,0
【劳动文化033】一千多万应届毕业生，就业往何处去？为什么他们还要继续科举？,BV1L8Gq6hEyG,我 我爸我妈一家三口一个化工厂两个钢铁厂，说好点就是目前稳定，他俩也快退休了，但是自己也老大不小了，一想到自己生个孩子也跟我一样干这个，瞬间没啥动力了，就是没盼头 如此反复的延续没啥意义,2026-05-24 21:47:15,7,1
【劳动文化033】一千多万应届毕业生，就业往何处去？为什么他们还要继续科举？,BV1L8Gq6hEyG,就业岗位并不少  而是很多 只不过招了人过几个月就空了[doge]，每年都挂着相同的岗位[doge],2026-05-24 19:24:33,5,0
【劳动文化033】一千多万应届毕业生，就业往何处去？为什么他们还要继续科举？,BV1L8Gq6hEyG,是时候开始发展真正意义的S生产关系了,2026-05-23 17:36:19,11,0
【劳动文化033】一千多万应届毕业生，就业往何处去？为什么他们还要继续科举？,BV1L8Gq6hEyG,虽然我从5年前就预见到环境不太好就润了，但是本科生前景还没我一个中专好我是真绷不住了😂,2026-05-25 11:25:14,10,7
【劳动文化033】一千多万应届毕业生，就业往何处去？为什么他们还要继续科举？,BV1L8Gq6hEyG,"话说你们有没有找工作的时候发现对方怕来的人跑掉，所以要二十五岁女性有孩子的才能加入这个岗位。[笑哭]
我之前面试一个仓库管理的时候，他们就说我们这个工作工资少的很，所以经常会有人做了就不做跑掉但是又有五险一金，所以经常会出现白交五险一金的情况。
我们就想找一个二十五岁女的最好有孩子跑不出这个城市的人。才能做这个工作，你们有没有这种情况发生？",2026-05-23 17:10:28,23,2
【劳动文化033】一千多万应届毕业生，就业往何处去？为什么他们还要继续科举？,BV1L8Gq6hEyG,"這世代確實不好找工作，不是資工電機機械沒好地方上班的
所幸我是執照系的，目前不用煩惱",2026-05-24 02:19:24,30,6
【劳动文化033】一千多万应届毕业生，就业往何处去？为什么他们还要继续科举？,BV1L8Gq6hEyG,"封建社会1000年到2000年，在其中经历了不知多少次起义，它们依旧活的好好的，直到更先进的生产关系出现才消亡，

资本主义也一样，只有更先进的生产关系出现后才会消亡",2026-05-24 00:18:32,4,0
【劳动文化033】一千多万应届毕业生，就业往何处去？为什么他们还要继续科举？,BV1L8Gq6hEyG,不是说柩夜率只有5-60吗？,2026-05-23 17:30:13,3,3
【劳动文化033】一千多万应届毕业生，就业往何处去？为什么他们还要继续科举？,BV1L8Gq6hEyG,我朋友进过厂干过生产计划，说的是一线工人不买社保，也不怕你走，反正就是人多可以随便挑[微笑],2026-05-25 08:46:37,10,0
【劳动文化033】一千多万应届毕业生，就业往何处去？为什么他们还要继续科举？,BV1L8Gq6hEyG,23年毕业工作时长就七八个月，是我不愿吃苦耐劳被辞的，是我没有无私奉献所以没有工作没有收入，我不够努力,2026-05-24 13:37:27,11,5
【劳动文化033】一千多万应届毕业生，就业往何处去？为什么他们还要继续科举？,BV1L8Gq6hEyG,工科的保底完全是拿工作环境换的，多少人愿意工资减半也要脱离一线,2026-05-24 02:45:37,7,0
【劳动文化033】一千多万应届毕业生，就业往何处去？为什么他们还要继续科举？,BV1L8Gq6hEyG,今年要去找实习了[笑哭]技术岗，也就自学了几个月。不知道找不找得到。上次还看到有人评论实习没工资，我都不敢想象。。给别人白打工还不给钱[笑哭]我同学学医的，实习可能还要倒贴钱[doge],2026-05-24 01:17:32,7,0
【劳动文化033】一千多万应届毕业生，就业往何处去？为什么他们还要继续科举？,BV1L8Gq6hEyG,"UP主，本人于2014年7月与学校、公司签订三方协议，随后完成一个月岗前培训并正式上岗。自2014年8月起，公司开始向我发放工资（银行流水备注为“8月工资”）。2015年7月，本人取得全日制大专学历，同年8月与公司签订正式劳动合同，并自当月起由公司缴纳社会保险。
现公司开展“三龄两历”认定工作，请问：能否依据2014年8月起工资发放记录，要求公司补缴2014年8月至2015年7月期间的社保，并将参加工作时间认定为2014年8月？",2026-05-25 13:07:04,3,0
【劳动文化033】一千多万应届毕业生，就业往何处去？为什么他们还要继续科举？,BV1L8Gq6hEyG,视频声音这么小,2026-05-23 17:02:58,5,1
【劳动文化033】一千多万应届毕业生，就业往何处去？为什么他们还要继续科举？,BV1L8Gq6hEyG,非常保守的算往后10年每年都是1千万，就这还不算往年没找到工作的，不知道国家会怎么出政策,2026-05-24 12:58:05,11,5
【劳动文化033】一千多万应届毕业生，就业往何处去？为什么他们还要继续科举？,BV1L8Gq6hEyG,ai要替代一切了，准备起义吧,2026-05-24 01:34:29,4,0
【劳动文化033】一千多万应届毕业生，就业往何处去？为什么他们还要继续科举？,BV1L8Gq6hEyG,工作六年，这个月刚被裁员，找工作很完蛋[大哭][大哭][大哭]一堆岗位那就不是在招人，那是在招牲畜啊,2026-05-24 01:14:12,5,0
【劳动文化033】一千多万应届毕业生，就业往何处去？为什么他们还要继续科举？,BV1L8Gq6hEyG,科举？科举还要装一下，它们是装都不装,2026-05-23 17:05:10,5,0
【劳动文化033】一千多万应届毕业生，就业往何处去？为什么他们还要继续科举？,BV1L8Gq6hEyG,我可能看不到咯，还有三十几年就到了我家平均寿命了。交给你们了，加油！[笑哭][笑哭][笑哭],2026-05-23 23:41:18,4,0
【劳动文化033】一千多万应届毕业生，就业往何处去？为什么他们还要继续科举？,BV1L8Gq6hEyG,人力多，竟然成为了坏事,2026-05-23 20:38:23,8,2
【劳动文化033】一千多万应届毕业生，就业往何处去？为什么他们还要继续科举？,BV1L8Gq6hEyG,自然是相信后人的智慧[脸红],2026-05-23 19:56:41,5,0
【劳动文化033】一千多万应届毕业生，就业往何处去？为什么他们还要继续科举？,BV1L8Gq6hEyG,还有一点医院很多返聘的教授老登，其实身体是不支持他们干活的但是只能说老家伙确实有利于营业额。,2026-05-23 23:05:00,3,0
【劳动文化033】一千多万应届毕业生，就业往何处去？为什么他们还要继续科举？,BV1L8Gq6hEyG,我们学校直接宣传，让我们所有人去考公，不考公的去考研，读完继续考公[笑哭],2026-05-25 16:00:33,4,3
【劳动文化033】一千多万应届毕业生，就业往何处去？为什么他们还要继续科举？,BV1L8Gq6hEyG,这风暴才刚开始就感觉好多人受不了了，未来2，30年都差不多如此甚至更差。。如果家庭条件还行多学金融知识保财产吧，现在针对老年人骗局已经疯狂了。如果家庭条件很不好相貌又不好就看看体力劳动吧，尤其家政，天津市区，还有滨海区3个女生组队做家政单人一天做3家500起，春节啥的提前一周都约不上节假日都是2000一天，很多干1天休息1天玩1天。如果家庭不好相貌又不错，不管男女生就干一件事，不顾一切抓住绑死身边中产家庭。很多中产家庭孩子很内向感情经历非常少，哪怕对方有对象只要负责点遇到啥事能帮个20来万当情人也绑死。中美对撞+毕业人口爆炸+全球快速右倾，先活下去再说别的,2026-05-24 23:59:17,3,0
【劳动文化033】一千多万应届毕业生，就业往何处去？为什么他们还要继续科举？,BV1L8Gq6hEyG,他们缺的不是人，缺的是牛马,2026-05-25 11:42:22,1,0
【劳动文化033】一千多万应届毕业生，就业往何处去？为什么他们还要继续科举？,BV1L8Gq6hEyG,[脱单doge]看懂掌声,2026-05-23 18:18:03,22,7
【劳动文化033】一千多万应届毕业生，就业往何处去？为什么他们还要继续科举？,BV1L8Gq6hEyG,奥？有这事？热知识：去年城镇青年失业率才五点几呢你这么说,2026-05-23 22:34:01,3,0
【劳动文化033】一千多万应届毕业生，就业往何处去？为什么他们还要继续科举？,BV1L8Gq6hEyG,我准备去看看保安[微笑],2026-05-24 02:26:05,3,0
【劳动文化033】一千多万应届毕业生，就业往何处去？为什么他们还要继续科举？,BV1L8Gq6hEyG,中考没考上当地公办高中，年纪小不懂事去了公办技校，学校第三年给我们报了成人高考拿成人大专学历，24年专升本考了法学想冲一下考公考编，发现当年技校给我们报成人高考是违规的，咨询人社局打电话过来说不能考公考编只去体制外找工作，也解决不了，现在就是学历重叠没法考公，春招投了一些国企也是石沉大海（估计大概率也过不了政审），家里没资源背景也不想做律师，毕业在即依旧0offer，专升本两年已经花光了所有积蓄大概10w，大伙能给我点建议吗[难过],2026-05-24 15:37:35,38,17
【劳动文化033】一千多万应届毕业生，就业往何处去？为什么他们还要继续科举？,BV1L8Gq6hEyG,兄弟们我试过了，火星文用不了[吃瓜],2026-05-23 17:33:58,8,2
【劳动文化033】一千多万应届毕业生，就业往何处去？为什么他们还要继续科举？,BV1L8Gq6hEyG,25届未就业报道，没就业等于没失业,2026-05-23 17:53:33,4,0
【劳动文化033】一千多万应届毕业生，就业往何处去？为什么他们还要继续科举？,BV1L8Gq6hEyG,我选志愿的时候选错了，意外进了一个冶金类的行业[笑哭]但是我本身对这个不感兴趣,2026-05-24 11:45:05,18,8
【劳动文化033】一千多万应届毕业生，就业往何处去？为什么他们还要继续科举？,BV1L8Gq6hEyG,如此生活三十年~~~~~~~[doge],2026-05-24 17:42:55,3,0
【劳动文化033】一千多万应届毕业生，就业往何处去？为什么他们还要继续科举？,BV1L8Gq6hEyG,[doge_金箍]搁在以前农村集体化的时候还能上山下乡，现在上山下乡你住谁家，要相信后人智慧能解决的，不是用超级智慧就是超级肌肉,2026-05-23 17:48:49,6,0
【劳动文化033】一千多万应届毕业生，就业往何处去？为什么他们还要继续科举？,BV1L8Gq6hEyG,评论区有人提到上山下乡。这个运动虽然受伤痕文学影响，上山下乡被描述为了虐待知识青年，但是现在基本上进行了一定情况的赞扬。根据官史《一百年》一书中，描述为：这个运动被宣传为具有“反修防修”“缩小三大差别”的重大政治意义。至1981年，上山下乡的知识青年人数共达1600多万。广大知识青年到农村和边疆去，了解社会，接触工农，在艰苦的环境中，经受了锻炼，增长了才干，为建设农村和开发、振兴祖国不发达地区作出了贡献，一些人成长为各条战线上的领导骨干和业务骨干。不过，根据现实情况来说，我国现在的基本情况是生产大于消费，出海大于国内。那个时候，实行上山下乡有现实的基础（城市与农村差距较大，且农村确实有需要大量人员的工作——公社，而现在不同，自从上世纪末的甩包袱后，城市开始汲取农村与国外，迅速发展，农民工大量进城，我国的城乡比极具拉大）现在的农村根据某些UP主的视频，资本大量涌入，农村的岗位要么被机器取代，要么也是工作环境比较差。农村想找工作也只有一些待遇比较差的工作。只能说，现在的城市还是农村工资高，工作时间短，工作待遇好的岗位不好找。但是，工资低，工作待遇差还工作时间长的岗位也是一抓一大把[吃瓜][吃瓜],2026-05-23 21:06:50,13,0
【劳动文化033】一千多万应届毕业生，就业往何处去？为什么他们还要继续科举？,BV1L8Gq6hEyG,普通人两条出路：要么考公考编进体制，要么润国外赚汇率差，国内现在卷的要死,2026-05-25 03:43:39,6,0
【劳动文化033】一千多万应届毕业生，就业往何处去？为什么他们还要继续科举？,BV1L8Gq6hEyG,我对中国技术很有信心，我对中国人待遇很没信心，中国人就是一边看不起其他中国人劳动成果一边又要求其他中国人看的起他的劳动成果，自己人都看不起自己人，还做梦想着8小时双休[笑哭],2026-05-24 13:45:14,2,0
【劳动文化033】一千多万应届毕业生，就业往何处去？为什么他们还要继续科举？,BV1L8Gq6hEyG,"用这个申诉
https://www.bilibili.com/h5/comment/appeal",2026-05-23 20:54:26,3,0
【劳动文化033】一千多万应届毕业生，就业往何处去？为什么他们还要继续科举？,BV1L8Gq6hEyG,发不出来！,2026-05-23 17:23:51,2,1
【劳动文化033】一千多万应届毕业生，就业往何处去？为什么他们还要继续科举？,BV1L8Gq6hEyG,此处曾有评论[tv_无奈],2026-05-25 13:48:50,2,0
【劳动文化033】一千多万应届毕业生，就业往何处去？为什么他们还要继续科举？,BV1L8Gq6hEyG,我的奋斗！,2026-05-23 17:17:34,6,0
【劳动文化033】一千多万应届毕业生，就业往何处去？为什么他们还要继续科举？,BV1L8Gq6hEyG,"乞讨者：行行好吧。
牛马：行，行，好吧。",2026-05-24 10:54:19,2,0
【劳动文化033】一千多万应届毕业生，就业往何处去？为什么他们还要继续科举？,BV1L8Gq6hEyG,本人211某工科课题组，博士延毕之后找不到工作接着读博后，硕士毕业之后干着几年前本科就能干的工作，肉眼可见的越来越烂了,2026-05-25 14:47:56,2,0
【劳动文化033】一千多万应届毕业生，就业往何处去？为什么他们还要继续科举？,BV1L8Gq6hEyG,"先给结论（2025–2026，净资产口径、权威区间）：
一、最常用：财富集中度（分位占比）
前1%家庭：掌握 30%–35% 的私人总财富
前10%家庭：掌握 65%–70% 的私人总财富
后50%家庭：仅掌握 约6%–8% 的私人总财富
二、中金口径（更“集中”的一版）
私人总资产约 430万亿元
前0.33%人口（≈460万人）：持有 290万亿元，占比 67%【__LINK_ICON】
三、胡润家庭分层（2026，净资产）
全国约 4.95亿户家庭：
≥1亿元：13万户（0.026%），持有约 28% 私人财富
1000万–1亿元：206.6万户（0.42%），持有约 27%
600万–1000万元：512.8万户（1.04%），持有约 10%
合计：前1.5%家庭 ≈ 65% 私人财富
四、基尼系数（收入，非财富）
国家统计局：2025年收入基尼系数 ≈ 0.466（&gt;0.4警戒线，差距偏大）
财富基尼（资产+房产+股权）：≈0.70 左右（显著高于收入）【__LINK_ICON】
五、一句话概括
中国：前1%拿约1/3，前10%拿约2/3，顶端0.3%拿近7成；底层一半人几乎没资产。
和你前面算的“股市/港股/VC每年套现十几万亿”能对应上：财富高度向资本方、股权方集中。",2026-05-25 07:22:30,5,0
【劳动文化033】一千多万应届毕业生，就业往何处去？为什么他们还要继续科举？,BV1L8Gq6hEyG,从这个视频感觉到猫头鹰有点傲慢了，很多来自农村或者欠发达地区的零零后家庭长辈不但没有稳定工作，房产或者人脉，还可能需要孩子还债或者补贴[笑哭][笑哭],2026-05-24 12:02:32,1,0
【劳动文化033】一千多万应届毕业生，就业往何处去？为什么他们还要继续科举？,BV1L8Gq6hEyG,这删评的速度真快，要不换一门语言说算了。[OK],2026-05-23 17:23:08,2,1
【劳动文化033】一千多万应届毕业生，就业往何处去？为什么他们还要继续科举？,BV1L8Gq6hEyG,@有趣的程序员 @总结猫 @AI视频小助理 @Vinsight 总结一下,2026-05-24 15:31:33,1,1
【劳动文化033】一千多万应届毕业生，就业往何处去？为什么他们还要继续科举？,BV1L8Gq6hEyG,其实就是现在的绝大多数学生的家长根本不具备甄别好就业专业的能力[滑稽]但在我妈这里大专可以逆转985[滑稽]我妈擅长把垃圾牌打成正常牌逆转局势,2026-05-24 16:55:11,8,2
【劳动文化033】一千多万应届毕业生，就业往何处去？为什么他们还要继续科举？,BV1L8Gq6hEyG,"我18年双非金融毕业时就觉得自己肯定考不上研究生和编制，干脆出去了，但是出去也找不到（不是找不到好的，而是直接找不到）最后机缘巧合朋友介绍去干服务器，一步步干起来了。

别放弃，多尝试，不要怕跨行，多交朋友。[打call]",2026-05-23 18:52:45,5,1
【劳动文化033】一千多万应届毕业生，就业往何处去？为什么他们还要继续科举？,BV1L8Gq6hEyG,人教百遍不醒，事教一次入心,2026-05-23 17:22:43,5,0
【劳动文化033】一千多万应届毕业生，就业往何处去？为什么他们还要继续科举？,BV1L8Gq6hEyG,打算找个八小时的工作混日子咯，当保安吧,2026-05-23 17:04:12,24,13
【劳动文化033】一千多万应届毕业生，就业往何处去？为什么他们还要继续科举？,BV1L8Gq6hEyG,那我这种23年毕业的怎么办，已经一年没找到工作了，哪个行业都要经验,2026-05-23 17:56:22,5,1
【劳动文化033】一千多万应届毕业生，就业往何处去？为什么他们还要继续科举？,BV1L8Gq6hEyG,我觉得ai这几年起来是个好事，大家一起完蛋谁都跑不了,2026-05-24 17:11:50,1,1
【劳动文化033】一千多万应届毕业生，就业往何处去？为什么他们还要继续科举？,BV1L8Gq6hEyG,24年毕业以后除了短暂进厂外，就在干这份工，五天七小时节假日年假给足，离家1.5公里住家，扣完五险一金到手2850，住家压力低，现在仍然在干着，因为也不知道干啥，就业压力大，所以就混着,2026-05-25 19:41:36,1,0
【劳动文化033】一千多万应届毕业生，就业往何处去？为什么他们还要继续科举？,BV1L8Gq6hEyG,现在是2026年，今年大学毕业的人，对应的是2026-22（大学毕业应该是2004年出生的人）而2004年出来的人也就一千多万左右。这个数据应该没什么毛病。然后现在只说毕业的一千多万人。没说2026年，退休的人数。2026年，应该退休的人数，应该是女55岁与男60岁的来算。应该是2026-60=1966至1971年。那时侯，出生的人应该是两2000万以上。也就是说，如果不计算社会发展，劳动新增的岗位，只按一个萝卜一个坑的岗位来算，2000多万减1000多万。应该还差1000万左右的岗位没人填补才对。那么，现在出现了新生找不到岗位，而上又有大量的岗位找不到人。问题出现在那？有很多混水摸鱼式的摸糊回答。比如自动化，替代了大量的人员劳力。所以不需要这么多人了。如果这个答案是真，那社会上就不会出现这么多岗位需求。说什么找不到人。再者，如果机器都能替代人工作了，为什么以前总工长也就八小时，堪至不用八小时上班的，现在都拉上了十小时与十二小时？如果劳动力真的过剩，只为按排人员有工作可干，那只能把八小时，拆分为每人每天只干六小时堪 至五小时既可。也就是缩工作，增岗位。可现在明显不是明显是反着来的。增工时，缩岗位。那是什么原因？我只能想到的是，工作太多，“”合格“”劳动力太少，只能增工时，减岗们了。也就是一个人最好当两个人用。可这么一来，不就可以减少找不到工作的问题了吗？可现在又出现了一千多万新增的劳动力找不到工作？这是什么回事呢？是什么原因，至时了这一千多万新增劳动力，成为了用工方的不“”合格“”劳动力，所以不用？宁愿给本来已用的劳动力加至少1.5倍的工资，甚至2倍工资。也不用这新增的劳动力？就像你去点外卖，同样的外卖，如果是新店，才10块。而老店的外卖，都升到15块20块了，你都不愿点新店的，宁愿多加5块10块，都要点老店的。这新店的外卖，真有这么难吃？这可不是什么科技技术发展的问题。应该是有更深层的原因。因为如果只是自动化的问题，出现的应该不是新劳动力的问题，而是老劳动力不在适应现时代的节凑技术要求被替代或提前退休了才对。就像马夫不懂开车，要么马夫（老员工）失业，要么提前退休。我们2000年前后也出现过类似的，那时，央企，国企，大企就出现过老员工一线退二线，二线提前退休的情况。可现在的情况相反了。这情况也真逆天了。,2026-05-24 13:42:27,2,0
【劳动文化033】一千多万应届毕业生，就业往何处去？为什么他们还要继续科举？,BV1L8Gq6hEyG,本来就不应该整这么多本科生，把大家期望抬高了，本来能找一些技术工的工作，拿不错的薪资，但是觉得自己好歹本科，应该坐办公室，高不成低不就。,2026-05-24 00:37:09,16,18
【劳动文化033】一千多万应届毕业生，就业往何处去？为什么他们还要继续科举？,BV1L8Gq6hEyG,"@如烟--，喵，感谢召唤，总结猫来咯 [妙啊]

视频聚焦当前高校毕业生面临的严峻就业形势。据预测，2026年应届毕业生将超过1270万，除去考研上岸者，理论上需要千万级新增岗位。现实就业率虽在80%-90%徘徊，但市场竞争激烈，许多毕业生需在数十人乃至上百人的竞争中争取一个机会。
专业差异显著，工科就业情况通常优于文、理、艺术等专业。以某汉语言师范班为例，全班56人仅4人考编成功，其余多数需自谋出路。为了保留应届毕业生身份这一“唯一有利条件”，许多人宁愿选择不交社保的兼职，以待来年再考。同时，这一代年轻人因家庭通常有一定经济基础，试错空间相对更大。
考公、考编成为许多人的主要出路，被视为规避企业劳动风险、获得稳定保障的途径。然而，即便是这条路径也并非万无一失，部分地区传闻存在公务员薪资发放困难的情况，其稳定性也开始受到质疑。即便如此，相较于一些中小微企业，这仍被视为风险较小的选择。
视频指出，当前的就业与用工环境存在结构性失衡。文理科专业毕业生难觅对口工作，新就业形态的保障又相对滞后。尽管问题突出，但深层次、系统性的改革面临巨大挑战，目前更多是针对表象进行局部调整，如处理劳动纠纷案件时已力不从心，新就业形态的问题只能暂缓处理。
一些鼓励年轻人“先吃苦”、“放下身段”的建议，在视频看来，可能脱离现实，并容易让年轻人陷入重复性、非成长性的工作中。劳动权益保障的现实也并不乐观，部分地区的实践可能更倾向于用人单位，法律条文在地方执行时可能存在差异。
最后，视频团队宣传其付费的劳动法知识课程，旨在帮助劳动者系统了解自身权益，并将收入用于团队运营与内容更新。整体而言，视频对就业市场的结构性矛盾、不同群体的困境以及改革的复杂性进行了剖析和呈现。

(提示：评论区字数有限，可在本条下继续追问。)",2026-05-24 15:35:40,1,1
【劳动文化033】一千多万应届毕业生，就业往何处去？为什么他们还要继续科举？,BV1L8Gq6hEyG,时代的阵痛期罢了，还是要向前看的，多说说阳光向上的事迹，提高大家的信心[笑],2026-05-23 22:10:33,3,0
【劳动文化033】一千多万应届毕业生，就业往何处去？为什么他们还要继续科举？,BV1L8Gq6hEyG,成立一个组织，这么多人有学识又年轻有理想，你这知道该干什么了吧？主要还是不团结，这组织起来干什么不是干。,2026-05-25 19:58:16,1,0
【劳动文化033】一千多万应届毕业生，就业往何处去？为什么他们还要继续科举？,BV1L8Gq6hEyG,没有工作，可以“灵活就业”，在内地没有失业的说话[doge_金箍]。,2026-05-24 17:40:10,2,0
【劳动文化033】一千多万应届毕业生，就业往何处去？为什么他们还要继续科举？,BV1L8Gq6hEyG,呐[给心心],2026-05-23 20:21:10,31,8
【劳动文化033】一千多万应届毕业生，就业往何处去？为什么他们还要继续科举？,BV1L8Gq6hEyG,我有一计所有人提前退休五年，严格控制退休返聘。就业率肯定拉上去了。,2026-05-23 17:16:25,4,0
【劳动文化033】一千多万应届毕业生，就业往何处去？为什么他们还要继续科举？,BV1L8Gq6hEyG,河南牛逼,2026-05-23 20:58:48,1,0
【劳动文化033】一千多万应届毕业生，就业往何处去？为什么他们还要继续科举？,BV1L8Gq6hEyG,应届生这么好的高质量人才资源为什么不去当兵？强国强军多好。,2026-05-23 17:08:58,69,166
【劳动文化033】一千多万应届毕业生，就业往何处去？为什么他们还要继续科举？,BV1L8Gq6hEyG,反正最后除考公考研的毕业前都签三方了[doge],2026-05-24 12:36:07,3,0
【劳动文化033】一千多万应届毕业生，就业往何处去？为什么他们还要继续科举？,BV1L8Gq6hEyG,谁能给我说一下为什么会有这么多失业人口，我不太懂,2026-05-24 11:54:49,30,27
【劳动文化033】一千多万应届毕业生，就业往何处去？为什么他们还要继续科举？,BV1L8Gq6hEyG,太好啦，给我狠狠的努力！,2026-05-23 22:59:56,2,0
【劳动文化033】一千多万应届毕业生，就业往何处去？为什么他们还要继续科举？,BV1L8Gq6hEyG,直接送外卖当保安[吃瓜][吃瓜][吃瓜],2026-05-23 17:01:20,14,3
【劳动文化033】一千多万应届毕业生，就业往何处去？为什么他们还要继续科举？,BV1L8Gq6hEyG,211计算机，27届，自认为技术起码比我们专业一半的人学的好，投了50份简历一个面试都没有约到,2026-05-24 12:49:35,9,6
【劳动文化033】一千多万应届毕业生，就业往何处去？为什么他们还要继续科举？,BV1L8Gq6hEyG,你不干有的是人干,2026-05-23 18:30:22,1,0
【劳动文化033】一千多万应届毕业生，就业往何处去？为什么他们还要继续科举？,BV1L8Gq6hEyG,没关系的，找不到工作可以应聘全职子女嘛！管吃管住，还有零花钱[呲牙],2026-05-24 07:15:18,3,1
【劳动文化033】一千多万应届毕业生，就业往何处去？为什么他们还要继续科举？,BV1L8Gq6hEyG,我们可以克服困难，毕竟没有工作也不影响基本生活[打call],2026-05-23 17:09:20,4,1
【劳动文化033】一千多万应届毕业生，就业往何处去？为什么他们还要继续科举？,BV1L8Gq6hEyG,已严肃成为自由职业者,2026-05-25 13:38:31,1,0
【劳动文化033】一千多万应届毕业生，就业往何处去？为什么他们还要继续科举？,BV1L8Gq6hEyG,"今年三四五月找工作来着, 发现确实不容易, 比较19-20年那会儿, 可太难了, 都不容易",2026-05-23 22:46:49,2,0
【劳动文化033】一千多万应届毕业生，就业往何处去？为什么他们还要继续科举？,BV1L8Gq6hEyG,最終去處勞務派遣[doge_金箍],2026-05-23 17:16:05,4,0
【劳动文化033】一千多万应届毕业生，就业往何处去？为什么他们还要继续科举？,BV1L8Gq6hEyG,【80岁正是“奋斗”的年纪！-哔哩哔哩】 https://b23.tv/a79ytoQ,2026-05-24 07:32:10,6,3
大学生就业困境之下，一些就业择业建议！,BV16X3MzuEen,"😞😞
我有时候想，我不该上大学，特别是当我填写应聘登记表的时候，当他们说:“啊？你是本科阿，那你还要跟我们高中、大专的抢工作……”
我不知道该怎么回答，这时候我就想:如果我高中毕业就出来打工，一切就水到渠成了，我可以名正言顺地送外卖、扛快递，被当成“不好好学习就要下苦力”的反面教材也理所应当，可能还会早早成家，有个孩子…😑
而现在，我读完了大学，我专业不对口，我没有工作经验，是我的文凭让我“蒙羞”，他们说:你要脱掉“孔乙己的长衫”，所以我说我高中毕业的，去火锅店后厨切肉、摆盘、炒大酱，一个月3500💰。晚上下班，看着路边嬉闹的中学生，我想，我以前坐在教室，听那吹着热风的风扇吱呀摇头，是为了今天隐瞒学历让才能让我感到慰藉吗？
我确实真不该上大学的。🙁🙁",2025-07-03 19:18:51,677,29
大学生就业困境之下，一些就业择业建议！,BV16X3MzuEen,校招来来回回就几家，投了没回复怎么办,2025-07-03 20:00:19,432,31
大学生就业困境之下，一些就业择业建议！,BV16X3MzuEen,没有贩卖焦虑，我失业一年了,2025-07-05 01:40:37,431,53
大学生就业困境之下，一些就业择业建议！,BV16X3MzuEen,大部分观点一致，但是up忽略了一个点，大部分大学生缺少阅历和经验，认知也不够成熟，是迷茫不知道自己想要什么的。我大三的时候就陷入过这种焦虑，我知道我应该考虑这样那样的因素，但受限于我的认知水平无法做到，甚至判断的是错的。所以就我个人的经历来说，先就业再择业我觉得也没有问题，自己第一份工作只要避开特别坑的企业，就业窄的行业，人生的弹性还是挺大的。,2025-07-04 09:49:19,377,11
大学生就业困境之下，一些就业择业建议！,BV16X3MzuEen,去年没刷到，不知道原来就业怎么严峻考公去了😭，25届普本毕业到现在还没找到工作,2025-07-05 17:34:08,346,80
大学生就业困境之下，一些就业择业建议！,BV16X3MzuEen,校招全是招主播的你去不去,2025-07-04 22:07:23,297,17
大学生就业困境之下，一些就业择业建议！,BV16X3MzuEen,"本人在沪某top3本博在读，这么说吧，up这一期视频，真心干货满满，并且没开充电[doge]，以前这人老开充电，但是我又想白嫖所以很多观点看不到[笑哭]，我敢说全站真心没多少up能分析地如此细致入微但又简明扼要。那些视频不看或者理解能力堪忧，认为该视频没有一点用的人，你真是神仙难救，自求多福吧。能看到或者看懂视频，何尝不是一种不幸时代下的幸运[藏狐]。
真心建议学弟学妹们认真看整个视频，无论你是什么层次，无论你是什么学校，都能找到对你有用的那句话。up这个视频基本涵盖了每个层面的人会遇到的痛点问题。
以我自己结合视频观点来简单说说吧：
1. 专科，如果家里有点儿小小背景，一定要升本，否则你亲爹都拉不上来你。我有一些朋友，就是垃圾三本，但是毕业就有工作，单位里面不是本科的就算能进来，基本都是合同工啥的，太具体我也不懂，反正有本科质变。
2. 本科，能有好工作先就业，先就业，先就业，尤其是高层次学校92等等，这个时代占坑是最重要的，不要犹豫。比如我，本科CS，本来可以直接全力冲互联网大厂，但是犹豫并且目标不明确，又想着就业又想着升学，还想着考公。然而等到大三一调研，发现选调录取名单清一色硕士+党员。我本科并且还不是党员，浪费时间搞的那些学生工作和志愿服务也基本没用了，还不如花在实习上。但幸运的是，我还有一条保研直博的路可以缓冲。",2025-07-03 20:38:59,791,41
大学生就业困境之下，一些就业择业建议！,BV16X3MzuEen,带专毕业但是看这环境决定躺平，想在家附近找个八小时双休轻松点的活哪怕一天通勤要花一小时也能接受，钱也要求不多三千块不到也行，只想下班有精力时间去健身，但是找不到,2025-07-05 23:57:18,204,11
大学生就业困境之下，一些就业择业建议！,BV16X3MzuEen,各位大佬们给小弟来点建议 本人普本 现在工作一年半 搞的工业软件 五天八小时 8k一个月 但是学不到什么东西 现在每天焦虑 担心以后跳槽跳不出去 其实也尝试刷了下招聘软件 他们要求的我很多都不会 感觉自己没有什么竞争力 以后不知道该咋办 难道真的要在一家公司绑死吗 有没有大牛或者已经工作的老登来指点下 而且我好怕面试做题啊 比如手撕代码啥的,2025-07-16 17:52:58,248,33
大学生就业困境之下，一些就业择业建议！,BV16X3MzuEen,你费好大劲进去，等下一年应届生再给你裁了。[笑哭],2025-07-15 17:26:56,174,5
大学生就业困境之下，一些就业择业建议！,BV16X3MzuEen,太焦虑了，本科给我们整的高不成低不就的。,2025-09-16 15:35:41,162,8
大学生就业困境之下，一些就业择业建议！,BV16X3MzuEen,我学校很普通，想进大厂是不是根本没戏啊？,2025-07-28 14:49:44,152,7
大学生就业困境之下，一些就业择业建议！,BV16X3MzuEen,都说没应届生身份，这些招聘岗位全要求有经验，有没有应届生身份有什么意义？,2025-07-15 04:02:31,141,7
大学生就业困境之下，一些就业择业建议！,BV16X3MzuEen,太天真了。事实上我们没有那么多选择。当然你很优秀啊的话可能选择会多一点吧。,2025-07-04 00:28:57,140,5
大学生就业困境之下，一些就业择业建议！,BV16X3MzuEen,焦虑还用贩卖吗？,2025-07-03 23:12:24,137,2
大学生就业困境之下，一些就业择业建议！,BV16X3MzuEen,初中成绩还行，在班里6 70人中基本上就是十几名的样子，但是中考495那年差点没考上高中，后面在高中成绩感觉就是一般，60人左右我基本上就是20~30这一段，高考成绩也是过文科本科线9分，勉强上了一个民办二本，一年学费差不多30000，现在是大四快要毕业，目前已经回家准备实习这些，结果发现自己什么优势都没有，也没考下来什么证，看了几天招聘软件感觉越来越焦虑了，未来一片迷茫，打开短视频平台一搜结果发现就业难这些在前几年就已经开始了，真的不知道怎么办了[灵魂出窍],2025-10-28 11:30:11,136,30
大学生就业困境之下，一些就业择业建议！,BV16X3MzuEen,真的很焦虑，学校是211，专业是国家特色专业，但却是天坑，说白了就是工科照顾专业，主要是我不喜欢，当时高考填志愿看中了这个名头报了，但是大学期间又太摆烂了没把握好转专业的机会，现在大三暑假快大四了，本来想着考研的，但是如上所说大学太摆烂了基础掉下来太多了，现在想通过考研跨阶或者说跨专业也基本不太现实了，就想着找工作，但是又不喜欢自己在读的专业，很难受了也属于是[捂脸][捂脸],2025-08-17 00:11:03,135,12
大学生就业困境之下，一些就业择业建议！,BV16X3MzuEen,我把长衫脱了，面了个航食的航机员，就是体力活，和初中毕业的竞争，然后人家觉得我是北京本地的+本科生不要，两轮面试愣是给我刷了,2025-08-29 20:11:41,116,8
大学生就业困境之下，一些就业择业建议！,BV16X3MzuEen,双非二本计算机现在在肯德基干实习了，长衫？对于自己可能没啥，但是对于家里人，才会在乎这个，现在这个环境真的很无奈，喜欢的行业进不去。,2025-07-10 17:41:26,123,7
大学生就业困境之下，一些就业择业建议！,BV16X3MzuEen,想问一下 ， 国企好进吗 ？ 春招想进国企 ， 都需要准备什么啊 ， 完全不知道从哪下手,2026-01-31 21:06:28,110,5
大学生就业困境之下，一些就业择业建议！,BV16X3MzuEen,大佬们，我是民办二本健康服务与管理专业，现在毕业了boss直聘找了很长时间了基本都是大健康行业销售性质的服务业，包吃住的很少。试用期一个月底薪也才3000，哎，其实我想在家找个路子能赚钱的方法。后悔死了读个吊大学，不知道有什么用，有大佬提提建议吗？,2025-07-18 00:11:00,113,21
大学生就业困境之下，一些就业择业建议！,BV16X3MzuEen,打工！一家人全出来打工！一家四口 我 我姐我老爸我老妈全在一个厂子里打工，就这尿性🤓[支持][支持][支持],2025-08-08 23:06:16,90,12
大学生就业困境之下，一些就业择业建议！,BV16X3MzuEen,"我看了今年中南财大 武大 华科 地大的校招。
我觉得都很棒啊。",2025-07-04 22:15:16,97,12
大学生就业困境之下，一些就业择业建议！,BV16X3MzuEen,走到了社招那一步，你就去企业当黑奴了，别幻想自己能好了，唯一能好就是干上几年有了经验，再换工作可以选择一下了，前提经济好转点,2025-07-08 13:34:03,82,4
大学生就业困境之下，一些就业择业建议！,BV16X3MzuEen,19年出社会，干电商一干就是五年，老主播了，播不动了，想换行业，但自己脱离这一行又没啥技能，真的迷茫……[藏狐],2025-08-05 21:29:36,75,7
大学生就业困境之下，一些就业择业建议！,BV16X3MzuEen,求大伙给我点建议我之前干过跆拳道，编程，书店店员，辅警，毕业一年多换了三次工作，不是说脱不下长衫。其中三个都被我告了，打了仲裁打赢了，现在无业半年了，我只要看到有违法的还没干呢我已经想举报想告了，问题是现在根本没有符合劳动法的工作，我们城市最正常的工作都是月休四天每天十一小时，我实在是累了。,2025-10-10 10:05:04,74,20
大学生就业困境之下，一些就业择业建议！,BV16X3MzuEen,现在大三暑期实习都找不到（伤心）,2025-07-04 10:50:18,81,29
大学生就业困境之下，一些就业择业建议！,BV16X3MzuEen,我感觉还好，就业是难了点，但还没那么难， 本科选的计算机，结果被调剂到环境工程，因为没什么擅长的领域，就接着考了环境科学与工程的硕士，现如今是一名环境咨询工程师，给环保局，街道办和企业干环境管理的，一个月大概一万二左右。,2025-10-22 19:00:40,116,5
大学生就业困境之下，一些就业择业建议！,BV16X3MzuEen,末流 985 自动化硕士，25 届毕业，工业智能方向，想进大厂但竞争太卷，实习经历不足，学校校招会上好企业很卷，不知道怎么提升竞争力...,2025-10-25 20:20:47,69,7
大学生就业困境之下，一些就业择业建议！,BV16X3MzuEen,说了当没说,2025-07-03 19:43:14,84,13
大学生就业困境之下，一些就业择业建议！,BV16X3MzuEen,后悔去年没刷到[大笑][大哭],2025-07-03 19:37:01,73,6
大学生就业困境之下，一些就业择业建议！,BV16X3MzuEen,"本人02年的，辽宁人，在辽宁上的专科，学的电
气自动化，23年毕业滴，之前校招时候没去实
习，直接去专升本机构了，当时想上本科的，结
果考两次专升本没考上，然后24年5月份去找工
作，6月份开始搁北京耐克上班，做导购，干到
年底，然后今年3月份考个低压电工证，4月份开
始找工作，后来去深圳佳士科技有限公司做服务
专责，就是修电焊机的，结果干到6月份因为表
现不佳试用期没过，然后又去惠州赢合科技了，
做装配电工，然后干了一星期，感觉太累了，天
天早上7.20上班晚上10点下班，就辞职了，现在
搁家呆一个多月了，不知道找啥工作好，大家可
以给点建议吗
尽",2025-09-06 21:16:51,72,22
大学生就业困境之下，一些就业择业建议！,BV16X3MzuEen,这么说吧，每年的985毕业人数远远大于放出的公务员岗位，985+211也远远大于公务员和事业编，某种意义上你是公务员比985牛多了。,2025-07-05 01:59:13,70,2
大学生就业困境之下，一些就业择业建议！,BV16X3MzuEen,想知道学历稍微好点的都那么难受，很难想象学历不好的该怎么办？其实没什么情不情愿送外卖或者进厂，我一直认为总要有人要干的，至于会不会轮到我，并不在意。只是社会大多数人本质上就是职业歧视薪资歧视学历歧视，当你玩准时宝和减速带之类的梗的时候就是在嘲笑这类群体，很多人自己不自知罢了[吃瓜],2025-07-06 22:59:47,65,0
大学生就业困境之下，一些就业择业建议！,BV16X3MzuEen,我就是毕业就找了个不喜欢的工作，熬了一年然后昨天辞职了[大哭],2025-07-03 20:03:15,62,7
大学生就业困境之下，一些就业择业建议！,BV16X3MzuEen,学生是拉动内需的强劲马车 是我们提供了院校扩招 老师的就业 校内外的消费 电子产品的普及率 教培机构的收入，一个孩子从小学到大学毕业 最低投资45万 这还是保守估计[吃瓜],2025-07-04 12:31:49,52,1
大学生就业困境之下，一些就业择业建议！,BV16X3MzuEen,[笑哭]80后表示50岁不让工地搬砖了,2025-07-03 19:22:19,48,5
大学生就业困境之下，一些就业择业建议！,BV16X3MzuEen,"[呲牙]我就是up和置顶兄弟所说的那种贩卖焦虑的人，但我觉得观点的碰撞才能发现问题的根源与进步，置顶的兄弟真的很厉害本博连读，但是我相信更多的兄弟是和我一样的普通本科生，但我也希望给兄弟们带来一些帮助和我的看法，先说说我的个人所经历的情况。
  坐标和学校可以看主页和ip，我是24届毕业的，土木工程专业，当时在大二大三时还没有意识到专业的衰落程度有多快多严重，一门心思想着考公，认为就算考不上以土木的就业能力，就算再怎么样，我也能靠着打灰养活自己，而且我的专业方向一点不落后甚至是提前的，是全套bim技术。所以也确实像up说的考公是场豪赌。
可是现实却击碎我最后的希望，考公没考上，然后安心准备校招，结果又给我当头一棒，来招聘的土木公司几乎都是来走过场的，他们内部都在把人放进人才库，都在想方设法赶人走，而且那些人都是有经验有技术的老人，他们有什么理由让没有工作经验的毕业生进去呢？结果就是我们全班没有一个被校招录取的，老师推荐的岗位也是项目制的，就是现在短缺人，你干完项目就滚蛋的这种。",2025-07-04 10:01:54,59,19
大学生就业困境之下，一些就业择业建议！,BV16X3MzuEen,今年刚本科毕业，亲戚给我找了份工作，是机械工程的，但是我本科不是机械，心里挺抗拒的怕浪费太多时间成本，但是家人包括亲戚都叫我去干着先，大家能给点意见吗[大哭],2025-07-13 15:49:47,42,19
大学生就业困境之下，一些就业择业建议！,BV16X3MzuEen,简单[吃瓜]应聘新生儿，解决n个问题,2025-07-03 21:17:19,41,10
大学生就业困境之下，一些就业择业建议！,BV16X3MzuEen,农村的民办大专，又不想升本，没背景，不用贩卖焦虑，我已经很焦虑了[捂脸],2025-07-22 10:19:56,46,32
大学生就业困境之下，一些就业择业建议！,BV16X3MzuEen,没人消费是重点，工作不就是卖产品卖服务，全社会都在还债，自然通缩，无解,2025-07-04 13:03:05,38,0
大学生就业困境之下，一些就业择业建议！,BV16X3MzuEen,"@乘风已归来 我们毕业了辅导员还把没找到拉进一个小群，这是群公告:
每周二汇报找工作进展情况，有招聘信息我会放进群里，更新完就业信息，学校审核通过可退群，每周二不汇报就业情况的会打电话，电话不接的话会打家长电话，家长电话不接的会打村委会电话或者社区电话，请各位未找到工序的同学积极配合，这项工作是教育部下达的工作，就业信息完善直接到2026年8月结束，在此期间，会每周与未更新就业信息的同学联系一次

我想知道这个联系家长和社区是不是构成侵权？",2025-07-21 20:31:33,47,6
大学生就业困境之下，一些就业择业建议！,BV16X3MzuEen,广州美团 30%的本科,2025-07-06 11:02:10,34,1
大学生就业困境之下，一些就业择业建议！,BV16X3MzuEen,如果实在没办法，也不想进厂，那就干销售吧，换个思路想想，一个月4-5000，只用坐着动动嘴皮子，没业绩也能基本保证温饱,2025-10-13 01:27:37,31,8
大学生就业困境之下，一些就业择业建议！,BV16X3MzuEen,麻了，我们学校校招就真的不行，我逛了好久都没有自己心仪的，升本吧，职校上来的，卷不过别人[笑哭],2025-07-05 13:51:05,33,21
大学生就业困境之下，一些就业择业建议！,BV16X3MzuEen,同样是工科博士，丰田大学毕业的工资就是要比其他公立大学高过两三倍以上，为什么因为人家真下基层真跑一线了。真的参与项目之中市场之中。[doge],2025-07-03 19:24:09,35,1
大学生就业困境之下，一些就业择业建议！,BV16X3MzuEen,并非找不到理想的工作，我们这有个1900的见习岗位，都是一大堆人抢，根本找不到，已经在家焦虑一个月了[微笑],2025-07-05 22:31:46,31,2
大学生就业困境之下，一些就业择业建议！,BV16X3MzuEen,双一流211本科信息管理与信息系统，马上大四，还没什么会的东西，现在在考虑学Java或者Python或者数据分析，有没有大佬来点建议[笑哭],2025-07-28 22:05:16,26,19
大学生就业困境之下，一些就业择业建议！,BV16X3MzuEen,很多大学生的存在就是为了破解就业困局，你还要破解大学生就业困局？,2025-07-04 23:03:01,22,3
大学生就业困境之下，一些就业择业建议！,BV16X3MzuEen,校招根本不找人，只是来通知你我们几个月后会社招，想来记得到时候到,2025-07-05 08:02:34,21,0
大学生就业困境之下，一些就业择业建议！,BV16X3MzuEen,"一句话现在小孩，自我认知有问题，我劝过跟我实习生，医疗这行业都是研究生，博士，起步，你们本科，专科有啥优势！只能科聘，把他们当学生，可这些孩子，又想工作轻松，又想工资好，管住宿，没夜班！
医学生应届生，不懂第三方招聘，还有傻狗不给工资，社区医院，卫生院，私立医院一大堆！",2025-07-03 21:40:20,21,2
大学生就业困境之下，一些就业择业建议！,BV16X3MzuEen,校招何不直接开通外卖员和传媒主播的途径，省事,2025-07-06 14:22:54,20,1
大学生就业困境之下，一些就业择业建议！,BV16X3MzuEen,三本计算机已经凉了，技术没人要，干文职两千又不想去，自己都想笑,2025-07-21 15:42:38,23,5
大学生就业困境之下，一些就业择业建议！,BV16X3MzuEen,来我ip地工作的应届生一年比一年多，月薪都卷到1.3W起步了,2025-07-24 17:40:10,19,9
大学生就业困境之下，一些就业择业建议！,BV16X3MzuEen,b友们帮我看看这个工作适合长期干嘛，注浆站，一天开200，没假期，三班倒，我大学学设计的，被家人安排在这了，我04年的，老感觉在这憋的慌，地方有点偏，没年轻人，很无聊[热],2025-08-30 16:53:02,18,10
大学生就业困境之下，一些就业择业建议！,BV16X3MzuEen,校招全是保险和销售，谁干,2025-07-07 19:58:07,21,4
大学生就业困境之下，一些就业择业建议！,BV16X3MzuEen,大学生真的在意自己的长衫吗？这都是家里长辈才会在意的东西,2026-01-09 10:41:56,16,1
大学生就业困境之下，一些就业择业建议！,BV16X3MzuEen,之前看到自己关注列表里怎么有个30几万粉的up点进去什么都没啦，一点线索都没有，都不知道是谁，有好几次都在想这谁啊？这下知道了[呲牙],2025-07-03 19:51:43,19,1
大学生就业困境之下，一些就业择业建议！,BV16X3MzuEen,不要考研，不然就就像我一样，二战失败，找不到工作,2025-10-16 12:11:50,15,12
大学生就业困境之下，一些就业择业建议！,BV16X3MzuEen,24毕业3本电气，躺一年多了家里呆着呆迷茫了，工作一点戏都没有[藏狐]每天都不知道干嘛，考公根本没岗哎。家里也没什么活需要我干，每天空虚的一批。想去大城市闯几年，也不知道从哪里开始下手，迷茫啊😦,2025-10-12 20:39:29,15,10
大学生就业困境之下，一些就业择业建议！,BV16X3MzuEen,大佬们，我是民办二本电子信息工程，现在大四了boss直聘找了很长时间了基本都是外省的，包吃住的很少。试用期一个月底薪也才2500，哎，其实我想在福建这边找个路子能赚钱的方法。后悔死了读个吊大学，不知道有什么用，有大佬提提建议吗？,2025-08-31 07:54:00,15,6
大学生就业困境之下，一些就业择业建议！,BV16X3MzuEen,大学生到了30岁就业率就上去了。[doge],2025-07-05 10:01:35,15,1
大学生就业困境之下，一些就业择业建议！,BV16X3MzuEen,毕业生找工作迷茫的一起来探讨一下吧，都是00后。,2025-08-25 22:17:48,14,8
大学生就业困境之下，一些就业择业建议！,BV16X3MzuEen,评论区的那些带人的能不能别在这骗了呀，还有那些底下求的，一点防骗意识都没有，真觉得有陌生人好心到带你，别太天真了,2025-08-04 23:19:46,14,1
大学生就业困境之下，一些就业择业建议！,BV16X3MzuEen,我22年毕业 那时候还在搞疫情 还搞校招 拉倒吧,2025-07-05 23:28:47,14,1
大学生就业困境之下，一些就业择业建议！,BV16X3MzuEen,销售、面推、地推、外卖员，冷门专业本科生没考上编跟初中高中辍学打工没区别,2025-09-04 14:46:15,13,2
大学生就业困境之下，一些就业择业建议！,BV16X3MzuEen,up主之前的IP是“乘风视野”？,2025-07-05 16:17:44,13,2
大学生就业困境之下，一些就业择业建议！,BV16X3MzuEen,今年刚毕业的双非普本大学生，软件工程专业的，也没用实习经历，现在在深圳找工作已经找到神志不清了[笑哭],2025-10-10 16:45:36,15,9
大学生就业困境之下，一些就业择业建议！,BV16X3MzuEen,压根就不了业，不如直接躺平。,2025-07-03 20:13:21,15,1
大学生就业困境之下，一些就业择业建议！,BV16X3MzuEen,请问，如果我不读民办本科，我可以干嘛[捂脸] 现在就业形势这么严峻，把读民本的钱留着会不会更好[捂脸] 不过没本科学历真是……,2025-07-09 21:03:30,12,4
大学生就业困境之下，一些就业择业建议！,BV16X3MzuEen,看了评论区，大家压力也很大，学历比我高的都在焦虑，我非全日制大专技校生在4s店上个月辞职，刚考了一个低压电工证，真不知道可以做什么 ，求大哥给点意见谢谢,2025-10-25 15:36:07,14,21
大学生就业困境之下，一些就业择业建议！,BV16X3MzuEen,最怕的是，亲戚时不时问一下，完事啊，还没找到工作啊？结束，然后开始每天自己压力自己，更不要说一周面试4天下来一个没过，真的很难不崩溃，专业基础不扎实找不到自己专业的，但是干客服一个月后是真的人麻了，不是放不下长衫去干基层，而是感觉那我明年来了更便宜的大学生我又去哪,2025-08-23 14:49:14,13,0
大学生就业困境之下，一些就业择业建议！,BV16X3MzuEen,学的采矿工程 21毕业下井两年肺部出现炎症 咳嗽 胸痛 辞职回家 然后两年到现在也就是已经找了五份工作了要么欠薪要么没有社保 目前失业中 感觉学的技术除了下井没的出路了后悔报采矿专业了。[笑],2025-08-26 22:50:42,10,1
大学生就业困境之下，一些就业择业建议！,BV16X3MzuEen,其实是在没辙，可以去土木[笑哭]但土木怎么说呢，现在就是天坑[喜极而泣]项目都接不到了，我去年就是想着随便找个工作先吃饭嘛，然后这7月就离职了😓施工单位安全员，什么东西也学不到，只有考证一条路，我也不是那种喜欢背书的人[笑哭],2025-07-19 00:02:06,10,7
大学生就业困境之下，一些就业择业建议！,BV16X3MzuEen,今年刚毕业，实习干的工作干了两个月公司就把部门解散了，现在还在失业，我在考虑要不要贷款个十万去升个民办本科，有没有这个必要啊,2025-10-01 21:12:40,9,10
大学生就业困境之下，一些就业择业建议！,BV16X3MzuEen,我想问一下，大专升算不算大学生[思考],2025-09-10 08:04:17,9,9
大学生就业困境之下，一些就业择业建议！,BV16X3MzuEen,我们校招大多数都是俩班倒的厂，投了几家长白班8小时的公司没动静了,2025-07-26 21:05:19,9,4
大学生就业困境之下，一些就业择业建议！,BV16X3MzuEen,说是招应届生，其实你去面试人事会告诉你，有销售经验吗？没有他就说我们这边还是想招有经验的，不好意思。可是我看上面明明写的是招应届生啊[辣眼睛],2025-07-31 19:03:16,9,2
大学生就业困境之下，一些就业择业建议！,BV16X3MzuEen,本人当年是15年本科毕业的，毕业时也没参加校招，也没去体制，也没升学，回头看上学的十年寒窗就业就两类人学理的高学历人能做技术类，剩下的出来就是销售或者做服务行业。然后就单干呗[doge],2025-07-06 02:46:31,9,1
大学生就业困境之下，一些就业择业建议！,BV16X3MzuEen,国家大学生就业服务平台，这个网站里找工作怎么样？我考了几次研究生，但是坚持不下来，荒废了好几年，想着在这找找工作上班,2025-10-27 15:37:16,8,4
大学生就业困境之下，一些就业择业建议！,BV16X3MzuEen,以前都说学习是唯一的出路，现在却面临着毕业即失业的难题。日子是一天不如一天，只能干脏活重活混，我的出处到底在哪里呀？[大哭][大哭][大哭],2025-07-18 18:52:53,8,0
大学生就业困境之下，一些就业择业建议！,BV16X3MzuEen,校招也要一定要仔细甄别，谈的时候没啥问题，结果一到地方再看再谈内容，就拉了托大的[灵魂出窍],2025-07-16 11:10:11,8,0
大学生就业困境之下，一些就业择业建议！,BV16X3MzuEen,我还是喜欢去年的 模拟声音,2025-07-03 20:28:29,8,0
大学生就业困境之下，一些就业择业建议！,BV16X3MzuEen,专升本正规一点的公司都不会认的，除非你是拿来内部升职,2025-07-03 22:37:54,11,6
大学生就业困境之下，一些就业择业建议！,BV16X3MzuEen,可惜了之前工作上一休一6500一个月 马上第三个月转正8000+了还有五险一金 结果我跑路了，年纪太小真的不懂事，我先问问大家前两个月公司给我发信息叫我回去，但是我很不好意思，我现在就是没什么选择 要不明年去亲戚介绍的工地(学的建筑) 要不就回去，因为我感觉这两个是我唯一能选的  “非常不好意思如果您回复我还请您给我点个赞因为我没开信息显示只有点赞提示”,2025-09-30 01:10:20,7,1
大学生就业困境之下，一些就业择业建议！,BV16X3MzuEen,校招全是清一色的厂，还有各种销售性质的工作[笑哭]绷不住了,2025-09-29 18:16:12,7,0
大学生就业困境之下，一些就业择业建议！,BV16X3MzuEen,新东方校园大使，可提供新东方内推码，有机会优先面试，需要的私[脱单doge],2025-09-11 16:59:09,7,5
大学生就业困境之下，一些就业择业建议！,BV16X3MzuEen,"26届公办二本电气，啥在校经历没有，目前备考国网，但是希望不大，想进我这个省能源公司下面的一个还在建造的储蓄水电站倒班有机会吗。
本人只有一些专业知识的储备跟当地户籍的优势，我目前在秋招前还能做些什么吗，跪求大佬指点",2025-09-09 19:26:32,7,0
大学生就业困境之下，一些就业择业建议！,BV16X3MzuEen,都延迟退休，好工作没有岗位只能依靠关系资源,2025-07-04 17:05:17,7,1
大学生就业困境之下，一些就业择业建议！,BV16X3MzuEen,哪些行业好拿国外工签呢,2025-07-04 02:45:04,7,1
大学生就业困境之下，一些就业择业建议！,BV16X3MzuEen,我年初被辞退 找了大半年找不到 明明专业对口人家说我不合适 搞笑,2025-07-05 23:27:13,6,0
大学生就业困境之下，一些就业择业建议！,BV16X3MzuEen,亚马逊电商 只要你是个有上进心的 我可以带你进入这个行业！当你的师傅！,2025-07-07 19:52:41,20,26
大学生就业困境之下，一些就业择业建议！,BV16X3MzuEen,我们不需要什么就业建议 我们希望up主能回到失业状态 然后去拍个投简历就业面试一条龙的亲身经历的视频,2025-09-20 11:35:14,7,1
大学生就业困境之下，一些就业择业建议！,BV16X3MzuEen,热知识 大多数管理层都是理工科出身 然后一步一步往行政岗靠的,2025-07-06 18:33:26,7,0
大学生就业困境之下，一些就业择业建议！,BV16X3MzuEen,上的铁路大专，很幸运校招走了铁路局,2025-12-29 20:54:08,5,2
大学生就业困境之下，一些就业择业建议！,BV16X3MzuEen,食品专业，就专业来说这个大学不错，但整体水平不高，自身只有内审员证书，英语46级都过了。该怎么找好呢,2025-12-05 11:27:42,5,2
大学生就业困境之下，一些就业择业建议！,BV16X3MzuEen,别太在意校招，差的学校校招就只有卖保健品这种工作,2025-09-06 15:29:54,5,0
大学生就业困境之下，一些就业择业建议！,BV16X3MzuEen,农学，本地企业稍微对口一点的，没找到一个要本科农学的[笑哭]，全是学历不限或者专科。已经在和专科抢工作了，而且还抢不到,2025-08-27 03:13:51,5,3
大学生就业困境之下，一些就业择业建议！,BV16X3MzuEen,大专没专升本，感觉没救了啊,2025-08-01 15:13:49,5,8
大学生就业困境之下，一些就业择业建议！,BV16X3MzuEen,一本智能制造专业，确实是只能进厂，要么就去当绘图员。,2025-07-26 10:53:29,5,3
大学生就业困境之下，一些就业择业建议！,BV16X3MzuEen,这个UP粉丝这么多，就6个视频，是打复活赛了吗？如果是，UP之前的视频在哪里看？[星星眼],2025-07-19 00:05:01,5,1
大学生就业困境之下，一些就业择业建议！,BV16X3MzuEen,26届音乐学，除电子厂和外卖，有什么其他活路呢？,2025-10-07 01:07:52,8,17
大学生就业困境之下，一些就业择业建议！,BV16X3MzuEen,快过年了，有无帮我做手机回复消息的啊，一百八六小时滴滴我,2025-12-25 17:13:32,4,0
大学生就业困境之下，一些就业择业建议！,BV16X3MzuEen,别来东莞，有黑厂,2025-11-19 12:26:38,4,0
大学生就业困境之下，一些就业择业建议！,BV16X3MzuEen,完了，秋招错过了，在大学屁都不知道，11月才开始准备秋招,2025-11-08 16:10:37,4,0
大学生就业困境之下，一些就业择业建议！,BV16X3MzuEen,家门口酒店前台干了三年[笑哭][大哭]存了四万元,2025-10-06 18:20:53,4,3
大学生就业困境之下，一些就业择业建议！,BV16X3MzuEen,博主，我挂科重修影响找工作吗,2025-09-21 18:14:25,4,4
大学生就业困境之下，一些就业择业建议！,BV16X3MzuEen,我想问:校招你留的下来吗？他主要作用就是给你培训，合同一到立马下一批。,2025-10-01 18:30:49,4,0
大学生就业困境之下，一些就业择业建议！,BV16X3MzuEen,大专专业收20个，15个本科的[笑哭],2025-09-04 00:56:12,4,0
大学生就业困境之下，一些就业择业建议！,BV16X3MzuEen,就业岗位确实不缺，缺的是理想薪资和法定休息日的岗位[辣眼睛],2025-08-18 15:22:03,4,0
大学生就业困境之下，一些就业择业建议！,BV16X3MzuEen,毕业了，失业了,2025-08-26 22:23:52,4,1
大学生就业困境之下，一些就业择业建议！,BV16X3MzuEen,我就是对标某视频up主那个一本材料专业应届毕业生，当时参加了25考研。由于自己实力不足，就选了本校材料工程专业。我还值得去读这个研吗？求up回复急急急[大哭][大哭][大哭],2025-08-24 10:22:29,4,1
大学生就业困境之下，一些就业择业建议！,BV16X3MzuEen,现在211本cs，如果考本校cs的话是不是不如直接去就业，有人能给点建议吗,2025-08-04 23:04:53,4,1
大学生就业困境之下，一些就业择业建议！,BV16X3MzuEen,请问，秋招除了学校的那几家，还可以在哪里找啊，怎么找，真一点不会，网上搜的很多是讲央国企秋招的[笑哭],2025-08-05 21:35:07,4,2
大学生就业困境之下，一些就业择业建议！,BV16X3MzuEen,准大一生在看，希望四年后会好一些吧，今年只考上了杭州的普通一本[脸红],2025-08-02 22:35:53,4,4
大学生就业困境之下，一些就业择业建议！,BV16X3MzuEen,提到如何查目标公司的组织架构，记起斗音精选里有个视频，推荐用“官网的关于我们”“天眼查的分支机构”，还附了如何通过架构判断部门重要性，比如直属CEO的部门更核心。,2025-07-26 14:47:16,4,0
大学生就业困境之下，一些就业择业建议！,BV16X3MzuEen,在哪里找秋招提前批呀[微笑]，我一直以为秋招都是下半年在学校里边的招聘,2025-07-08 10:41:47,4,2
大学生就业困境之下，一些就业择业建议！,BV16X3MzuEen,可是真的很难，考上了公务员。,2025-07-05 14:33:10,4,3
大学生就业困境之下，一些就业择业建议！,BV16X3MzuEen,我自己在家做游戏搬砖，还行，不用出去风吹日晒的，每天还能抽时间陪家人,2025-08-02 13:53:58,7,3
大学生就业困境之下，一些就业择业建议！,BV16X3MzuEen,"AI课代表总结：  
当代大学生就业难题背后，是一场关于选择与妥协的人生博弈。视频系统拆解就业逻辑链，提出务实方案——校招窗口期价值最大，应届生身份如同金钥匙；就业策略分&#34;先就业再择业&#34;&#34;先择业再就业&#34;两种模式，前者重生存后者重热爱；针对不同性格特征给出差异化指南：理性型拼资源置换，理想型守初心底线；升学需警惕&#34;学历通胀&#34;陷阱，唯有跨越层级才能实现跃迁；体制内赛道虽稳但需长期备战，文科生逆袭窗口已开，理科生则需直面高强度职场生态；最终揭示残酷真相：普通大学生若无法突破学历天花板，制造业仍是唯一落地选项。

要点:  
🎓 **把握校招黄金期**：应届生身份是求职最强通行证，错过秋招等于失去大厂入场券，offer含金量随季节递减  
💼 **就业观因人而异**：有人愿用健康换金钱冲入大厂，有人宁肯低薪求安稳，关键是认清自身抗压阈值  
📈 **升学要精准出击**：盲目读研=浪费青春，必须奔向更高维度平台，否则不如早点踏入职场  
🏛️ **体制内暗藏玄机**：看似铁饭碗实则马拉松，上岸概率逐年降低，且需储备政治素养与人脉资源  
📚 **文科生逆袭时刻**：内卷时代行政岗崛起，服务类岗位价值重估，文理赛道此消彼长  
🏭 **工厂不是终点**：对普通院校学子而言，制造业是最低风险选项，虽苦但比P2P公司靠谱太多",2025-07-03 19:20:20,6,0
大学生就业困境之下，一些就业择业建议！,BV16X3MzuEen,能不能给个建议大伙，我02年的24年毕业结果延毕了，大学没好好学习有科挂了25年毕的业。没证书没实习经验，三无本科生，学的经济类专业，又是延毕又没证又没实习，迷茫了不知道该干点啥，大伙有没有建议啊给我指个小方向呗，不知道自己的路在哪了[酸了],2026-02-23 17:57:26,3,6
大学生就业困境之下，一些就业择业建议！,BV16X3MzuEen,压力爆大，已经想等死了[笑哭],2026-02-12 00:32:06,3,0
大学生就业困境之下，一些就业择业建议！,BV16X3MzuEen,大专应届生啥也不会，除了劳务派遣公司没人愿意给我offer现在助学贷款要还款了每天都焦虑死了,2026-02-21 17:10:40,3,1
大学生就业困境之下，一些就业择业建议！,BV16X3MzuEen,双非财经本硕想进金融行业是不是没活路了,2025-11-12 21:00:59,3,8
大学生就业困境之下，一些就业择业建议！,BV16X3MzuEen,找了个工作，一开始说的倒班是三班倒，现在我是两班倒[微笑]现在想跑，不知道该怎么办，唉,2025-10-24 16:54:05,3,0
大学生就业困境之下，一些就业择业建议！,BV16X3MzuEen,说白了兄弟现在不就相当于毕业即失业,2025-10-23 06:54:12,3,0
大学生就业困境之下，一些就业择业建议！,BV16X3MzuEen,每当想辞职的时候，就来刷刷这些视频，让我不敢辞职。我是18年毕业的，双非一本，目前工资还行，就是休班少，我这个岗位以前是个本科都能来，现在来的新人都是重点本科，211，985，还有研究生了,2025-10-21 12:37:47,3,1
大学生就业困境之下，一些就业择业建议！,BV16X3MzuEen,k千来了，大学生们又有福了😄,2025-09-30 14:20:54,3,1
大学生就业困境之下，一些就业择业建议！,BV16X3MzuEen,民办二本英专，现在北京做销售在，月薪9k单休，总体来说我已经挺满意的了，工作强度也适中，氛围也还不错，但是还是感觉很迷茫,2025-10-10 12:35:02,3,11
大学生就业困境之下，一些就业择业建议！,BV16X3MzuEen,理科大多是劳动类型的工作，文科大多是分配类型的工作[吃瓜],2025-09-29 15:42:11,3,0
大学生就业困境之下，一些就业择业建议！,BV16X3MzuEen,抖音有个讲电气工作的可以看看,2025-09-09 19:40:06,3,1
大学生就业困境之下，一些就业择业建议！,BV16X3MzuEen,我的工作总是要求我改变形象和变换性格，这是可改的吗？我是不是必须换一个行业,2025-08-28 11:24:05,3,1
大学生就业困境之下，一些就业择业建议！,BV16X3MzuEen,求求建议！！我现在是湖北中上211管理专业的大三学生，没准备考公考研，想直接就业，做了两年家教，想做教培行业工资高点，可教培是夕阳行业了。又想去做做运营，不过一直没什么思路，有没有大佬能给点建议[大哭][大哭],2025-09-05 02:10:18,3,3
大学生就业困境之下，一些就业择业建议！,BV16X3MzuEen,你站在什么位置，你看看你是大专，专业一般般在说。就是给普通人前期累，后面轻松的也没有。都是看不到希望的。而且价格还低，没有任何把人当人。,2025-08-17 09:43:58,3,0
大学生就业困境之下，一些就业择业建议！,BV16X3MzuEen,24年毕业考公2年进面3次全失败告终已经没信心了,2025-08-26 07:58:14,3,2
大学生就业困境之下，一些就业择业建议！,BV16X3MzuEen,产业升级才是解决唯一方法 大基建只是死缓,2025-08-03 14:40:53,3,0
大学生就业困境之下，一些就业择业建议！,BV16X3MzuEen,工作其实有，但是不符合大家的理想,2025-08-10 21:34:08,3,0
大学生就业困境之下，一些就业择业建议！,BV16X3MzuEen,聊到如何查目标公司的离职率，突然记起斗音精选里有位数据分析师做的视频，说可以看脉脉的“员工点评”，筛选“近1年离职”的评论，还附了离职率高的常见关键词。,2025-07-29 10:43:11,3,0
大学生就业困境之下，一些就业择业建议！,BV16X3MzuEen,【找工作，看这个视频就够了！最全求职指南：岗位选择/投递简历/简历写法/笔试经验/面试技巧/Offer选择-哔哩哔哩】 https://b23.tv/E2wbk20,2025-08-03 08:02:04,3,0
大学生就业困境之下，一些就业择业建议！,BV16X3MzuEen,应数除了教育行业还能走什么方向，我目前在学码，但根本选不定方向，只想本科毕业赶紧就业（浙江双非一本）,2025-07-28 21:09:49,3,0
大学生就业困境之下，一些就业择业建议！,BV16X3MzuEen,分析不同行业的求职淡季旺季，想到斗音精选里有免费的公开课，某招聘行业报告的视频，说互联网旺季在2-4月、9-11月，教培旺季在3-5月、8-10月，附了招聘高峰图[doge],2025-07-28 15:59:28,3,0
大学生就业困境之下，一些就业择业建议！,BV16X3MzuEen,看大家扒大厂的轮岗制度，想起斗音精选的推荐挺准，常看名企求职的话，会刷到分公司整理的轮岗周期，视频里连轮岗后的定岗考核标准都标了，比如阿里的“3+1”轮岗。,2025-07-28 12:43:40,3,0
大学生就业困境之下，一些就业择业建议！,BV16X3MzuEen,校招一定会被录上吗，万一没有被录取怎么办,2025-07-12 09:30:45,3,1
大学生就业困境之下，一些就业择业建议！,BV16X3MzuEen,之前关注过一个乘风视野的UP，感觉讲的挺好后来就找不到了。这个是小号还是搬运，不会是开了新号吧。[吃瓜],2025-07-04 22:21:44,3,0
大学生就业困境之下，一些就业择业建议！,BV16X3MzuEen,我去，up主终于还坑了[笑哭][打call][打call][打call],2025-07-04 21:04:31,3,0
大学生就业困境之下，一些就业择业建议！,BV16X3MzuEen,如何“破局”[doge],2025-07-04 01:31:50,3,1
大学生就业困境之下，一些就业择业建议！,BV16X3MzuEen,up以前的视频呢，从以前up讲土地财政那期就关注了，好久没看更新了[笑哭][笑哭][笑哭],2025-07-09 16:56:54,3,0
大学生就业困境之下，一些就业择业建议！,BV16X3MzuEen,[打call]来看,2025-07-03 20:12:08,3,0
大学生就业困境之下，一些就业择业建议！,BV16X3MzuEen,呵呵，校招没招上，然后还考不上研究生，这大学等于白读。很简单，你毕业就是进厂、送外卖、服务员，绝不存在其他路可走。[微笑],2025-12-28 17:58:30,4,0
大学生就业困境之下，一些就业择业建议！,BV16X3MzuEen,当你用着方便的共享单车的时候，会不会想到有多少人不再买自行车，因此自行车店有多少关门，当你在淘宝上激情消费的时候，有没有想过你周边的服装店有多少关门，现在一个工厂都可以在网上给全国供货，那又会倒闭多少公司，未来无人驾驶替代司机，中国几百万司机师傅又该何去何从，我想说的是当你享受着时代便利时，就应该要接受其背后的苦难,2025-11-07 18:26:56,4,0
大学生就业困境之下，一些就业择业建议！,BV16X3MzuEen,招聘软件找了大半年没找到，还是找了个就业班找到的[笑哭],2025-07-17 15:13:01,4,4
大学生就业困境之下，一些就业择业建议！,BV16X3MzuEen,难道现在不是专科职业比一般本科职业香吗🤔,2025-07-03 20:43:25,4,2
大学生就业困境之下，一些就业择业建议！,BV16X3MzuEen,往后往前人都少 我偏偏卡在这个年代,2026-03-11 15:03:13,2,0
大学生就业困境之下，一些就业择业建议！,BV16X3MzuEen,我现在大四了，一个普通二本，学的汽车工程，家里让选的专业，能吃苦耐得住寂寞，有啥建议吗,2026-01-21 00:00:48,2,2
大学生就业困境之下，一些就业择业建议！,BV16X3MzuEen,呃，双一流的物联网，该怎么找啊 错过七八月之后，校招感觉一直都是那几家，要去找一些制造业的厂子吗,2026-01-12 10:07:36,2,2
大学生就业困境之下，一些就业择业建议！,BV16X3MzuEen,动画专业能找什么工作,2025-12-25 16:51:21,2,1
大学生就业困境之下，一些就业择业建议！,BV16X3MzuEen,刚毕业的话，建议什么工作,2025-11-05 16:59:15,2,0
大学生就业困境之下，一些就业择业建议！,BV16X3MzuEen,普本校招，几百份简历筛一百份，再经过一轮群面二轮压力面三轮boss面最后招两个人，这环境你就面吧，一面一个不吱声😢😢😢,2025-10-17 17:07:59,2,0
大学生就业困境之下，一些就业择业建议！,BV16X3MzuEen,大佬们，末九电气，家在呼和浩特，该选择保研还是考家乡的电网呢？[打call],2025-10-16 15:12:58,2,2
当代大学生找工作现状,BV1PFoiBEEZ4,说话语速快，这个真的是，[吃瓜]越垃圾的公司越有这种特性，因为他们生怕说慢了被你反应过来，这里面有巨坑天坑。这种公司我都不知道面试过多少家了[笑哭]没有100，也有80,2026-05-04 10:56:17,85,2
当代大学生找工作现状,BV1PFoiBEEZ4,[滑稽]来了嗷老铁[滑稽][喜极而泣][喜极而泣][喜极而泣][喜极而泣],2026-04-28 18:16:42,663,52
当代大学生找工作现状,BV1PFoiBEEZ4,经典的科技有限公司，融资到第几轮了都不知道[吃瓜],2026-04-27 09:39:37,171,4
当代大学生找工作现状,BV1PFoiBEEZ4,是社会疯了，不怪你，你已经很棒了，,2026-05-02 14:17:08,505,33
当代大学生找工作现状,BV1PFoiBEEZ4,经济恶劣，大专能找到好工作那就奇怪了…认命吧，吉祥三宝铁人三项，赶紧搞起来，脱下长衫，养活自己才是王道,2026-04-27 08:32:36,260,26
当代大学生找工作现状,BV1PFoiBEEZ4,[doge],2026-04-29 21:29:27,389,38
当代大学生找工作现状,BV1PFoiBEEZ4,我也没学历，中专毕业跑出来了，一开始做服务员，攒了一万多就找地方租房子了，换咖啡师工作一个月7000没社保不包餐，后面攒了两万块去年7月离职后，就躺到了今年1月，1月找到了科技馆吧台的工作，一样单休，包2餐6500早9晚5，感觉可以先干着，我学历低我也不知道干啥，但这边淡季或者工作日真的闲的要死手机都要刷懒，老板带头摸鱼[笑哭],2026-05-19 00:33:11,64,9
当代大学生找工作现状,BV1PFoiBEEZ4,目前就是拿命换钱，等以后想明白了，都别活掀桌子，估计能有所改变。,2026-04-28 16:42:22,66,6
当代大学生找工作现状,BV1PFoiBEEZ4,"山东，普通双非本科，财务管理专业，班长，党员，山东省优秀毕业生，24应届生，英语四级，计算机二级，普通话二级，初级会计证书，有政府社会实践经历历，在北京立信会计事务所实习过。
毕业之后想考研，然后就没选择跟着来老师走，然后一站没考上，当时已经尽最大努力了，然后我心态就崩了，选择二战努力了一年比第一年低了3分。然后我就出来找工作，到现在为止没找到工作[笑哭]，财务没有经验直接不要你，我本人是i人干过销售干不了被开了，干辅导老师因为脾气太好，从来没发过火，然后又被开了，到现在找不到合适工作，我甚至都不知道该找什么工作，感觉什么都投了，但是根本没hr搭理我。",2026-05-17 22:57:12,66,15
当代大学生找工作现状,BV1PFoiBEEZ4,离家远的，工资低的，没双休的，学不到东西的，入职不签合同的，霸王条约的，一律不用去,2026-05-14 21:58:58,38,7
当代大学生找工作现状,BV1PFoiBEEZ4,躺着6个月了快，天天玩三角洲搬砖快吐了，作息不正常在努力调整（大多1点左右睡），能做饭但是不想洗碗所以点了很多外卖，焦虑了吃，烦了吃，无聊了吃，嘴馋了也吃，刷到美食也吃胖了20斤...（原来是想打算辞职减肥的...），活着真的很不容易唉...,2026-05-03 20:59:29,65,3
当代大学生找工作现状,BV1PFoiBEEZ4,小公司是毛病很多的，而且面试一般都就一轮，我面大公司面了四五轮才进去，才感受到大公司福利待遇都很规范,2026-05-05 09:00:38,27,1
当代大学生找工作现状,BV1PFoiBEEZ4,傻瓜哈哈哈哈，找工作可以在boss上面直接看他们每个月的招人人数，如果公司能容纳99人，每个月几十个人的刷人，说明他们岗位流动性特别强，你再对比公司给的薪资和你们城市平均工资，假如是3k实际上给出4k，但流动性特别大，你对这家的了解已经有基础框架了。调研数据来看，互联网公司的存活最低是7年，最高是10年（小型公司），看他们注册的时间推断，如果他这个行业已经超过了10年，公司运营超过10年，那说明这家公司的管理已经形成规则体系了，要么极其压抑要么就比较宽松，两极化,2026-05-15 20:35:08,62,6
当代大学生找工作现状,BV1PFoiBEEZ4,找工作真的累人，投了一百多間，面試了十間，上了兩間，但兩間都沒去，最後去了的工作不在那一百多間裡，是對方來找我的[笑哭] 不過上得挺開心的，是個好工作,2026-05-19 23:03:01,17,2
当代大学生找工作现状,BV1PFoiBEEZ4,进门客气一点，还给你摆架子。这是把面试的人当下人，应聘求职是双向选择,2026-05-14 18:17:02,5,0
当代大学生找工作现状,BV1PFoiBEEZ4,第一课，找工作先学社交礼貌。人家开门问你是应聘者是一句客套话，这都要吐槽。你是一点情商都没有吗？还有一点，与人沟通，眼睛注视对方表示尊重，并适当给出反馈，例如“嗯”“哦”点头，微笑。父母跟小学没教你们？,2026-05-13 05:16:13,28,6
当代大学生找工作现状,BV1PFoiBEEZ4,我自己感觉，可能大部分原因是我自己不努力吧，我是25届的，学的计算机，大学四年基本就是玩，然后毕业了发现自己什么也不会，在家里躺了一年，找工作的时候一开始还是想看看本专业的，结果每次面试让我做题或者问问题直接就哑火了，毕竟我从来没出过社会，不清楚现在找工作有多困难，在看招聘软件的时候，招聘条件上一看就感觉自己不符合，看到最后自己连投递都不敢投，毕业一年在家玩一年依旧是什么也不会，家里现在已经给压力了都要让我去干物流管培生，我自己感觉还是我自己学习不到位吧，可能本来有适合我的因为我能力不足都够不到[捂脸],2026-05-19 02:46:20,14,4
当代大学生找工作现状,BV1PFoiBEEZ4,不敢笑，今天才被骗去做联通的地推。明明面的是运营助理，上来就是什么什么线下调研走访，到后面转正带团队了升职加薪买车，酷酷一顿画饼，公司福利多好啊，公费旅游啊，年会抽奖金啊……怪不得那么多人来面试呢，byd一个地推还要一面二面和入职考核，浪费我三天时间，沉没成本这一块真是玩明白了[藏狐][藏狐],2026-05-22 00:25:20,7,2
当代大学生找工作现状,BV1PFoiBEEZ4,大学生刚出社会，下个小红书，抖音，天眼查，高德地图，BOSS直聘，然后上B站查怎么用怎么避雷，都有攻略，可以让你至少节省很多垃圾面试时间,2026-05-13 01:41:41,16,2
当代大学生找工作现状,BV1PFoiBEEZ4,听我的，我们一起躺，我们团结起来就好了，让他们求着我们，到时候就是我们谈的时候了,2026-05-05 08:52:31,45,18
当代大学生找工作现状,BV1PFoiBEEZ4,新洲州政府一个小领导，一周三天两天居家一天办公室，年薪税后十三万刀[脱单doge],2026-05-08 20:07:03,23,11
当代大学生找工作现状,BV1PFoiBEEZ4,xdm，我爸在的央企可以直接进要去吗，离家近，工资也还可以，进去还能弄关系选个轻松的岗位,2026-05-11 14:35:34,53,41
当代大学生找工作现状,BV1PFoiBEEZ4,我也快毕业了，忙着考老师，但现在这行情，也够呛考上，慢慢熬吧，已经做好单身一辈子的准备了，饿不死拉倒。,2026-04-28 17:54:57,52,6
当代大学生找工作现状,BV1PFoiBEEZ4,太对了我说环境越来越差，别人骂我不努力说不喜欢中国可以出去,2026-05-23 22:37:30,0,0
当代大学生找工作现状,BV1PFoiBEEZ4,好多工作都货不对板，我之前想进厂赚点钱就在招聘网上找工作，有一个工作说是给塑料产品剪毛边，有专门的地方做，和生产车间不是一层楼还可以坐，结果去了以后是跟流水线给产品进行包装，机器热得要死，后面站了两天腿疼得受不了就不干了，累两天工资不到400[笑哭],2026-05-02 02:55:21,27,6
当代大学生找工作现状,BV1PFoiBEEZ4,所以39块钱500g怎么办[微笑],2026-05-20 07:54:06,3,0
当代大学生找工作现状,BV1PFoiBEEZ4,平面设计被ai冲烂了[兔兔岛_吃面]我会做些小包装，还没被裁，大家伙都转行去哪里了？我也想转行了,2026-05-20 02:50:14,11,5
当代大学生找工作现状,BV1PFoiBEEZ4,最近真的不想上班，想辞职了，每天精神状态不好，还每天下雨潮湿又闷热，更加折磨了，人在想辞职的时候真的是每一天上班都是折磨是煎熬，看了评论区不敢辞了[笑哭][笑哭][笑哭][笑哭],2026-05-24 17:45:14,3,4
当代大学生找工作现状,BV1PFoiBEEZ4,招聘公司瞎编 ，所以你的简历也得会瞎编,2026-05-16 20:15:31,2,0
当代大学生找工作现状,BV1PFoiBEEZ4,各位 避雷苏州 我最近面试了好几个2600底薪的岗位 [辣眼睛] 最离谱的是酒店前台 上24休24,2026-04-30 21:19:21,43,22
当代大学生找工作现状,BV1PFoiBEEZ4,我们00后就是躺平的一代吗，难道,2026-05-12 15:23:07,19,6
当代大学生找工作现状,BV1PFoiBEEZ4,不是你们说的嘛[doge]怎么你去哪里哪里大环境不好[doge]你是破坏大环境的人呐[笑哭]见识到社会的厉害了吗[笑哭]见识到了[笑哭]社会饶我狗命[笑哭],2026-05-03 08:10:05,10,1
当代大学生找工作现状,BV1PFoiBEEZ4,户子：大专就说大专说什么大学呢[笑哭],2026-05-05 18:26:17,18,4
当代大学生找工作现状,BV1PFoiBEEZ4,还有就是直接总经理面试了，那应该是小公司，正规一点的大一点的私企不会有这臭毛病，应该经过最少2论之后再让你跟总经理谈，但是直接总经理找你就有些猫腻，他搁那吹牛逼跟咱也没啥关系，再说行政管理岗这个吧，我只能说大多数岗位人人动能干，除了一些专门的会计岗需要点计算含量但是也不多，总经理40来岁画的人不人鬼不鬼的，踏马的都给我听力竭了[笑哭],2026-04-27 09:50:18,18,0
当代大学生找工作现状,BV1PFoiBEEZ4,别说26了，25的也没找到,2026-05-15 20:28:54,7,2
当代大学生找工作现状,BV1PFoiBEEZ4,大专基本上进厂。,2026-05-04 15:44:53,26,20
当代大学生找工作现状,BV1PFoiBEEZ4,25的专科妹也没找到工作……现在靠画稿随便赚点钱[笑哭],2026-05-05 04:30:34,38,37
当代大学生找工作现状,BV1PFoiBEEZ4,？虽然你面的公司确实比较离谱，但你这心态确实很难找到正经公司的工作。岗位具体工作内容本身面试的时候就要聊清楚，面试时候正视面试官，交流沟通更是基础。,2026-05-05 15:57:36,7,0
当代大学生找工作现状,BV1PFoiBEEZ4,大专毕业躺了三年一直靠去美术机构兼职赚零花钱，前两天面试了一个美工现在在上班，在我们这种18线小城市待遇算可以了，3500单休加法休试用期两个月转正交社保，问了没有试岗一说，干到后面能干就干下去干不下去就走人也没有试岗的工资，目前上班三天每天都很煎熬，虽然不加班一天只上7个半小时，但是我跟那些小团体都不熟，年纪大的也聊不到一块，有不懂的也不敢去问怕人家嫌烦，为了这3500块我每天给自己洗脑忍着好难受啊啊[灵魂出窍],2026-05-13 22:01:20,13,3
当代大学生找工作现状,BV1PFoiBEEZ4,今天面试接受不了“自愿”加班直接不通过，试岗都没让去[大哭][大哭][大哭],2026-05-06 18:10:08,22,6
当代大学生找工作现状,BV1PFoiBEEZ4,考了两年研没考上的二流本科生诚心问一下，有谁了解三支一扶吗？准备了一段时间的公考发现太卷了想考本省省会的三支一扶。听说环境条件特别艰苦，但是刷这么多视频说现在工作也不好找，我一个本科生还待业一年，找的工作工资估计也高不到哪儿去运气不好说不准也是当牛马。在这种情况下和三支一扶比哪个更艰苦？(没有对象，暂时也不打算找)[微笑],2026-05-11 15:43:54,47,21
当代大学生找工作现状,BV1PFoiBEEZ4,已经给我干到新疆去了，七月份就去[笑哭],2026-05-07 16:57:09,16,2
当代大学生找工作现状,BV1PFoiBEEZ4,说实话全都不是人[笑哭],2026-05-02 17:46:59,3,0
当代大学生找工作现状,BV1PFoiBEEZ4,"大学生的工作现状就跟我拍的视频一样[大哭]
100％真实，如有虚报，愿意赔偿[大哭]",2026-05-04 19:37:49,13,0
当代大学生找工作现状,BV1PFoiBEEZ4,太艹了，面试给我说的不加班，双休，现在是一直单休，五一还只休息两天（好在晚上确实不会加班），明天就该上班了[笑哭][笑哭]好想跑,2026-05-02 20:05:54,13,0
当代大学生找工作现状,BV1PFoiBEEZ4,我倒觉得不用这么想，现实是我们没有那么好的命，一辈子都不工作,2026-04-28 00:46:29,14,0
当代大学生找工作现状,BV1PFoiBEEZ4,感觉我的前途就和up的背景一样黑暗,2026-05-18 22:02:40,0,0
当代大学生找工作现状,BV1PFoiBEEZ4,真想找工作，就先想好自己要做什么，做好简历，然后去投，不知道干什么，就直接去你说的写字楼里面，对前台说哪里哪里面试的，进去一层一层一家一家的问，要不要人，人家缺就会要，不缺你再好的人家那啥。boss里面天天一群前台小姐姐拉人头浪费时间的。,2026-05-17 18:21:45,2,0
当代大学生找工作现状,BV1PFoiBEEZ4,没事我24届还在失业找工作循环,2026-05-17 12:04:26,3,0
当代大学生找工作现状,BV1PFoiBEEZ4,我专升本，上个月综合考试第一通过了一家三甲医院，我认为运气也挺好[笑哭],2026-05-13 19:38:08,3,0
当代大学生找工作现状,BV1PFoiBEEZ4,找工作不要来南京，物价高工资低，这个城市最多的是公务员和铁饭碗，而且房价还嘎嘎高,2026-05-06 19:41:30,7,4
当代大学生找工作现状,BV1PFoiBEEZ4,脱产学生被社会毒打了，在网上就会好好说话了，活着就很棒啦[滑稽],2026-05-06 18:10:54,3,0
当代大学生找工作现状,BV1PFoiBEEZ4,23毕业的，工作两年，换了个工作，目前这个工作各方面还算满意，就是等转正了才算稳定，没转正之前都有失业的风险，现在纠结的最多的就是不想交社保了，医保想换成商险，现在退休年龄一延再延，至少拿10年退休金才能回本，但现在估计都活不到拿回本的年纪吧，更别谈赚了，现在交的越多，感觉以后亏的越多,2026-05-18 01:52:51,2,0
当代大学生找工作现状,BV1PFoiBEEZ4,25年本科，找到的不是销售客服就是主播，实在没辙了，现在找了个便利店的兼职[笑哭],2026-05-09 13:52:07,20,16
当代大学生找工作现状,BV1PFoiBEEZ4,25毕业生辞了两份工作实在没招了，直接回家躺了，看似备考实际趁机摆烂啃老[笑哭][笑哭][笑哭],2026-05-11 05:52:24,10,4
当代大学生找工作现状,BV1PFoiBEEZ4,要么12小时要么单休低工资,2026-04-28 16:40:14,8,0
当代大学生找工作现状,BV1PFoiBEEZ4,广东的软件实施岗是真难找[笑哭]，程序员也很牛马,2026-05-01 02:20:34,16,10
当代大学生找工作现状,BV1PFoiBEEZ4,up，你去面试前可以去📖搜一下公司是不是那种骗人头的，是不是皮包公司。这样省点车马费也省去和骗子掰头。[OK],2026-05-06 02:50:37,7,0
当代大学生找工作现状,BV1PFoiBEEZ4,好家伙，绕了一大圈花钱上学。大专，为了逃避牢九门，结果又回来了是吧！大专挣钱大专花，1分别想带回家，毕业前是心高气傲，毕业后牢的是嗷嗷直叫[doge_金箍]完美闭环,2026-05-08 14:23:19,14,1
当代大学生找工作现状,BV1PFoiBEEZ4,🌿，我也面试到了地推让我去试岗，但我去之前愣是没查避雷，所以坐了一个小时的地铁大早上去了[笑哭],2026-05-11 13:25:42,3,0
当代大学生找工作现状,BV1PFoiBEEZ4,垃圾boss 还不如当地随便一个招聘兼职群有含金量,2026-05-15 10:10:56,0,0
当代大学生找工作现状,BV1PFoiBEEZ4,真的，好多骗人的，心都碎了[大哭],2026-05-12 01:37:57,2,0
当代大学生找工作现状,BV1PFoiBEEZ4,如果没有目标，那就去大厂打螺丝吧[doge]管他三七二十一，五险一金可是个好东西啊兄弟,2026-05-05 21:05:27,7,0
当代大学生找工作现状,BV1PFoiBEEZ4,拿三千多的工资看到你这样我不敢离职了[大哭][大哭][大哭],2026-05-04 18:29:38,6,6
当代大学生找工作现状,BV1PFoiBEEZ4,[微笑][微笑][微笑],2026-05-18 12:20:32,3,0
当代大学生找工作现状,BV1PFoiBEEZ4,同26级毕业生，目前一个offer都没有，面试了几个技术销售不要我，下个月毕业了，焦虑中……[热],2026-05-08 16:01:01,20,19
当代大学生找工作现状,BV1PFoiBEEZ4,南京本来就业岗位就少，如果不是南京本地人建议换城市找工作，苏州、杭州、上海都可以投简历,2026-05-03 05:46:12,10,0
当代大学生找工作现状,BV1PFoiBEEZ4,我24毕业今年三站考研复试寄了，最近找工作焦虑的要死,2026-05-14 08:31:39,5,4
当代大学生找工作现状,BV1PFoiBEEZ4,发招聘的人每个月有业绩的，要业绩达标。,2026-04-29 22:27:19,6,0
当代大学生找工作现状,BV1PFoiBEEZ4,[藏狐]我当初找外地的工作还是线上面试的。面试内容是将自己的发过的文章，整个过程各种波折，开会议忘了投屏忘了开声音，中途还有电脑死机。最后倒是让我过了面试也是很神奇。,2026-05-22 17:59:43,3,0
当代大学生找工作现状,BV1PFoiBEEZ4,24本科，刚被辞退，已经躺平半个月[笑哭][笑哭],2026-05-11 11:48:33,2,0
当代大学生找工作现状,BV1PFoiBEEZ4,看出来了，眼神中带着清澈的愚蠢[吃瓜],2026-05-19 10:47:12,2,1
当代大学生找工作现状,BV1PFoiBEEZ4,我在你隔壁，我已经流浪几天了，明天我进去打螺丝,2026-05-12 13:37:33,2,0
当代大学生找工作现状,BV1PFoiBEEZ4,。。工作了几年的人，看你前几分钟就觉得，工作不好找自己也有一点原因，首先你的语言组织能力不太好，就是废话很多，人可能会没有耐心听下去，讲话显得不那么聪明，其次上来就是攻击别人的长相，你管她化什么妆皮肤状态如何？,2026-05-12 08:40:16,0,1
当代大学生找工作现状,BV1PFoiBEEZ4,工作找多了你会发现，这些公司招员工只靠四个字:坑蒙拐骗,2026-05-16 14:06:02,1,0
当代大学生找工作现状,BV1PFoiBEEZ4,"就业规划迷茫的宝子可以蹲蹲我们的群
现在群还在“开荒”阶段哈哈哈哈，但之后会有免费的职业测评资源、岗位分析资料，人多了还会搞免费的一对一咨询！
我们五月底就要上线职业规划APP啦，现在在找第一批种子用户，所以福利全是免费的！不是骗子！求大家给点信任和支持～🥺🥺🥺",2026-05-14 08:45:43,3,2
当代大学生找工作现状,BV1PFoiBEEZ4,睫毛不错😌,2026-04-29 19:53:17,13,3
当代大学生找工作现状,BV1PFoiBEEZ4,来南京找工作跟自杀有啥区别,2026-05-09 19:03:18,0,0
当代大学生找工作现状,BV1PFoiBEEZ4,有没有一种可能，你面试的是行政助理岗，而他就是。你说的要协助的经理（我理解的）为什么让你特地客气一点，也许就是考核你的一个反应能力，临场能力和情商等等。行政助理是很闲，但是他本质上是要帮助领导分担工作，以及适当的时候提供一些情绪价值的。我个人觉得是你本身没有搞明白这个岗位的重点。,2026-05-06 20:04:11,8,0
当代大学生找工作现状,BV1PFoiBEEZ4,不要因为一次失败而气馁，你可以失败100次，但是只要赢一次就上岸了，加油啊,2026-05-01 21:07:12,3,0
当代大学生找工作现状,BV1PFoiBEEZ4,大专也是大学生吗,2026-05-19 23:23:26,0,0
当代大学生找工作现状,BV1PFoiBEEZ4,已经毕业多年，浏览招聘软件，与企业实际沟通时需要两类人，一个是应届大学生[笑哭]，另外一种就是有经验的。说句废话努力找也是能找到工作的，就是看你认不认头干。年纪越来越大，就不想上夜班了。企业要是给钱给到位也可，,2026-05-05 19:14:17,2,0
当代大学生找工作现状,BV1PFoiBEEZ4,可以去政府见习一个月2000,2026-04-29 17:26:49,8,4
当代大学生找工作现状,BV1PFoiBEEZ4,老板问我是来面试的吗，我回是，也不会觉得奇怪。我不看她，她说我不尊重她的时候，我就会立马道歉看她了…,2026-05-14 20:38:42,1,0
当代大学生找工作现状,BV1PFoiBEEZ4,科技公司看都别看了[妙啊],2026-05-16 21:43:20,1,0
当代大学生找工作现状,BV1PFoiBEEZ4,06:08,2026-05-24 20:55:30,0,0
当代大学生找工作现状,BV1PFoiBEEZ4,我天呐，Up我们面的不会是同一家吧，我也在南京，跟你流程一模一样，岗位描述也差不多类似于画大饼，大写字楼，科技有限公司，还要写英文名字，进门前要敲门[笑哭][笑哭][笑哭],2026-05-21 00:49:52,1,0
当代大学生找工作现状,BV1PFoiBEEZ4,[世界计划表情包_哭]靠谱岗位的劳保是真还行吧,2026-05-24 09:56:42,0,0
当代大学生找工作现状,BV1PFoiBEEZ4,是的，不用提前焦虑。会有适合你的工作，祝顺～,2026-04-26 23:12:40,4,1
当代大学生找工作现状,BV1PFoiBEEZ4,刷网课嫌麻烦的可以来加我主页,2026-05-18 13:37:04,0,0
当代大学生找工作现状,BV1PFoiBEEZ4,你具体会什么，而且你到底想找什么类型的工作？,2026-05-24 06:31:03,0,0
当代大学生找工作现状,BV1PFoiBEEZ4,避雷昆明,2026-05-05 00:13:34,1,0
当代大学生找工作现状,BV1PFoiBEEZ4,[蹲蹲][蹲蹲][蹲蹲],2026-04-30 18:21:49,12,0
当代大学生找工作现状,BV1PFoiBEEZ4,哈哈哈太对啦,2026-05-18 11:47:39,0,0
当代大学生找工作现状,BV1PFoiBEEZ4,一个月了没找到工作[藏狐],2026-05-06 17:49:09,1,0
当代大学生找工作现状,BV1PFoiBEEZ4,笑死，看到后面就知道了，我以前租房在广州也碰到过这种的，喵的三天两头敲我门问我办不办卡，什么联通大流量，看我年轻使劲推销，可是他们还不如给老人推销呢，年轻人有的是渠道搞流量卡，所以专门挑那种犄角卡拉，信号差，说自己的运营商这边信号好，其实房屋密集的你办什么都不如接网线WiFi，所以我问那人什么情况，怎么进这种工作了，也是大学刚毕业，推一张卡有提成，每天有KPI，其实就是骗人的，现在boss上的八成什么助理，客服，线上销售，其实都是这样，因为消费力不足了，很需要销售，而且这个岗位不把普通销售当人，流动性很大，你们真要找工作，不如去公众号和群我广州群和公众号就很多，还有很多兼职的，都算正常工作，就是基本没专业对口的了，之前刚毕业填过政府的毕业失业表，第二天一个塔xx的汉堡叫我去不去上班，其实就是解决你失业问题，让他们的报表好看点而已，我同学有的干上本行了，有的厌恶本行去阿里干销售了，有的靠家里厂有关系进管理层了，也累，不过比我好点，我这个工作不交社保，交社保工资巨低，打算明年投靠进厂的同学，还有一个深户的计算机，有过比赛的目前年薪最高，有考三支一扶考上的，有考编考上的，有大三退学进物流了，现在外贸电商都算好点的，电商还分好几类，最好会点他们用的软件，什么聚水潭和旺店通这类的，我自己大学干过不少工作，所以找些我姐初中辍学就打的工也是可以的，学校教的除了个别专业，很多很社会全面脱节了，电商都要求要经验了，主播自媒体这种更是还不如初中小妹那些人懂社会规律，最后就是外贸了，外贸现在也要经验了，我有时候真后悔读大学，不然我都有存款了。,2026-05-12 22:23:06,1,0
当代大学生找工作现状,BV1PFoiBEEZ4,"都在打我
哈哈",2026-05-20 23:02:59,0,0
当代大学生找工作现状,BV1PFoiBEEZ4,他们不是说有的是人干吗？咱们都不干，让他们自己干,2026-05-05 10:43:26,0,2
当代大学生找工作现状,BV1PFoiBEEZ4,我这工作好难找啊，什么产业集群都没有。除了公务员事业编就找不到好的。进厂都没机会。,2026-05-19 22:37:46,0,0
当代大学生找工作现状,BV1PFoiBEEZ4,我在八平的小屋里找工作，已经一年多,2026-04-30 23:21:27,2,0
当代大学生找工作现状,BV1PFoiBEEZ4,衢州避雷[笑哭]消费高，收入比较低,2026-05-04 21:26:55,1,0
当代大学生找工作现状,BV1PFoiBEEZ4,你是可爱小黄狗[星星眼],2026-04-28 11:26:10,4,1
当代大学生找工作现状,BV1PFoiBEEZ4,就当熬嘛，前期先跟社会校准碰一碰，吸取经验以后一定要有自己的规划并越早执行越好,2026-05-01 03:27:21,2,0
当代大学生找工作现状,BV1PFoiBEEZ4,加油,2026-05-16 13:11:39,0,0
当代大学生找工作现状,BV1PFoiBEEZ4,行政助理本身就是个打杂的[笑哭]面试的时候就算思维跑走了也要装很认真,2026-05-24 16:23:28,0,0
当代大学生找工作现状,BV1PFoiBEEZ4,再抱一会就想摆烂了。[捂脸],2026-05-18 18:50:52,0,0
当代大学生找工作现状,BV1PFoiBEEZ4,哈哈哈哈[大哭],2026-05-15 15:59:05,0,0
当代大学生找工作现状,BV1PFoiBEEZ4,饿不死我就不上班,2026-05-04 10:28:59,1,0
当代大学生找工作现状,BV1PFoiBEEZ4,二本过控有出路吗，投了好多简历都石沉大海,2026-05-18 13:35:43,0,0
当代大学生找工作现状,BV1PFoiBEEZ4,我也有过这种经历说半天，然后我很不耐烦，也被说不尊重她,2026-05-18 22:19:03,0,0
当代大学生找工作现状,BV1PFoiBEEZ4,23年秋招完我就直接all in考公了，感谢那个努力的自己,2026-05-22 12:17:27,0,0
当代大学生找工作现状,BV1PFoiBEEZ4,怎么回事，跟我昨天面试的小公司感觉差不多,2026-05-07 15:40:02,1,0
当代大学生找工作现状,BV1PFoiBEEZ4,哈哈哈哈哈哈！加油,2026-05-14 13:59:01,0,0
当代大学生找工作现状,BV1PFoiBEEZ4,不追求美食，不追求旅行，不追求买房子，不追求买车子，工资低点无所谓，找管吃管住的，能上夜班上夜班。当然了讨厌一个人过的还是上白班比较好。怎么轻松怎么来，别管赚多少，饿不死就行，嘴馋了偶尔吃吃要可以，公司会交保险，剩下的钱存起来。,2026-05-16 21:15:34,0,0
当代大学生找工作现状,BV1PFoiBEEZ4,30平很大的。平常一个出租屋就10几平。,2026-05-12 07:25:32,0,0
当代大学生找工作现状,BV1PFoiBEEZ4,30平很大了[笑哭][笑哭][笑哭],2026-04-29 21:57:07,1,0
当代大学生找工作现状,BV1PFoiBEEZ4,别做行政岗（人力除外），除非你只图安稳并且对工资前景没啥要求，又或是找找份工作干，实在没招了。行政岗纯纯吃青春饭的，央国企这种泛体制内的都不要做，真的没有太多的意义。做久了跳槽都不好跳槽，基本上都要年轻人，中层管理岗岗位少且不会轮到普通人。就我以前在央企三级公司综合办，有的公司分公司倒闭或者重组以后，有的综合办主任都找不到像样的工作。,2026-05-05 18:00:34,1,1
当代大学生找工作现状,BV1PFoiBEEZ4,@地球三体组织-情报,2026-05-06 16:45:54,0,0
当代大学生找工作现状,BV1PFoiBEEZ4,hhhh很真实了,2026-05-14 14:14:46,0,0
当代大学生找工作现状,BV1PFoiBEEZ4,"如果想去银行这种，并且受得了工作性质，可以去考，稳定是真的很稳定，有吃有住，一年当中招挺多场的。但我受不了银行，辞职了，现在也在苦哈哈地找工作。
希望我们都能找到想要的工作[奥比岛_击爪]",2026-05-08 17:18:58,4,10
当代大学生找工作现状,BV1PFoiBEEZ4,大专电气自动化有出路吗，好迷茫,2026-05-07 22:16:49,2,13
当代大学生找工作现状,BV1PFoiBEEZ4,骗子多如牛毛[笑哭],2026-05-08 15:52:25,0,0
当代大学生找工作现状,BV1PFoiBEEZ4,笑死，你好可爱,2026-05-11 00:43:40,0,0
当代大学生找工作现状,BV1PFoiBEEZ4,30平不小了哦,2026-05-12 09:30:13,0,0
当代大学生找工作现状,BV1PFoiBEEZ4,我这里有工作在家做，也可以做，在家不累不受罪,2026-05-12 15:21:50,0,0
当代大学生找工作现状,BV1PFoiBEEZ4,可以找非专业的工作吗,2026-05-02 01:51:15,1,0
当代大学生找工作现状,BV1PFoiBEEZ4,无论你现在是什么样的生活状态，哪怕是躺平几年的。上B站马督工，小黛晨读看看都能直观了解现在现实里就业是什么样子,2026-05-13 18:00:24,0,0
当代大学生找工作现状,BV1PFoiBEEZ4,什么学历，来合肥比亚迪,2026-05-06 12:17:21,2,11
当代大学生找工作现状,BV1PFoiBEEZ4,可以了三十平，我合宿公寓就二[捂脸]十平,2026-05-08 12:02:19,0,0
当代大学生找工作现状,BV1PFoiBEEZ4,苏州都不行,2026-05-04 22:18:21,0,0
当代大学生找工作现状,BV1PFoiBEEZ4,校园招聘错过了就很难了，你还年轻，我也不想在这指路。经历几年你会找到出路在哪的,2026-05-06 12:39:22,0,0
当代大学生找工作现状,BV1PFoiBEEZ4,关注了期待更新日常,2026-05-05 01:24:00,0,0
当代大学生找工作现状,BV1PFoiBEEZ4,我租的房子才十几平，30不小了,2026-05-08 12:45:23,0,0
当代大学生找工作现状,BV1PFoiBEEZ4,我合宿公寓就二十平[捂脸],2026-05-08 12:02:51,0,0
当代大学生找工作现状,BV1PFoiBEEZ4,线上兼职你试试嘛？我现在找两个声播，我有两个主播不干了，不影响你生活工作,2026-05-07 13:19:31,0,0
当代大学生找工作现状,BV1PFoiBEEZ4,我觉得还是回家找工作为好，有个照应，吃住也比在外地少花很多,2026-05-06 17:42:23,0,1
当代大学生找工作现状,BV1PFoiBEEZ4,不是本地的话就换城市吧,2026-05-04 20:56:21,0,0
当代大学生找工作现状,BV1PFoiBEEZ4,怎么可以做到一摸一样的。。。,2026-04-28 14:38:36,1,0
当代大学生找工作现状,BV1PFoiBEEZ4,本科也难找，加油,2026-05-05 06:33:34,0,0
当代大学生找工作现状,BV1PFoiBEEZ4,看岗位可以先用豆包看看，我觉得不对劲都先问问，省点事,2026-05-06 19:03:36,0,1
当代大学生找工作现状,BV1PFoiBEEZ4,找到工作做了一年已经想跑了,2026-05-05 02:22:30,0,0
当代大学生找工作现状,BV1PFoiBEEZ4,找了个离家近（不到一公里）的工作，包吃，但是没有周六日🥲,2026-05-07 21:16:45,0,0
当代大学生找工作现状,BV1PFoiBEEZ4,我之前在酒店做餐饮，然后也让我们经理带我们去地推，一个写字楼一个写字楼去拜访，问人家要不要吃饭，然后站在酒店门口，见人就发传单，问人家要吃饭吗，到中餐厅看一下我后来就走了,2026-05-09 19:19:41,0,0
当代大学生找工作现状,BV1PFoiBEEZ4,加油，世界会好的,2026-04-29 23:24:16,0,0
当代大学生找工作现状,BV1PFoiBEEZ4,了解一下[汤圆],2026-05-05 06:09:51,1,4
当代大学生找工作现状,BV1PFoiBEEZ4,up这个特效咋搞的,2026-04-30 09:47:13,0,0
当代大学生找工作现状,BV1PFoiBEEZ4,盯着讲话人看，不要张嘴，然后是不是轻轻点一下头。这样就算你在想别的事情，人家也会觉得你在很认真听他的。[不问天_吃瓜],2026-05-01 14:36:12,0,0
当代大学生找工作现状,BV1PFoiBEEZ4,哈哈哈 太难绷了,2026-05-15 13:10:26,5,2
当代大学生找工作现状,BV1PFoiBEEZ4,[热][热],2026-05-15 07:28:12,2,0
当代大学生找工作现状,BV1PFoiBEEZ4,还是干保安躺平舒服，目前干的长夜班保安，一个月交完五险到手5500，包吃住，夜班基本上没啥事睡睡觉玩玩手机一会就过去了，有时候队长不来检查还能出去上网耍，大领导一个月也就检查一两次有时候甚至不来，感觉能干一辈子[doge],2026-05-14 04:28:04,12,5
就以现在的就业环境，我们00后到底能干什么,BV15WRjBVERR,坐牢是年轻人最好的出路,2026-05-09 22:06:47,61,1
就以现在的就业环境，我们00后到底能干什么,BV15WRjBVERR,各位记住了，打工是永远不会出头的，我以前自己打工 5 年，刚好解决温饱，没什么存款！后面舅舅带我做生意，好家伙，3 年 200 万，我真的惊呆了，从来没有欠过这么多钱！,2026-05-08 20:44:30,1431,34
就以现在的就业环境，我们00后到底能干什么,BV15WRjBVERR,一边是oo后找不到工作，一边是我这种中登全年无休，公司还好意思抱怨招不到人。做梦都想那个人回来。,2026-05-06 07:53:08,127,2
就以现在的就业环境，我们00后到底能干什么,BV15WRjBVERR,出来这么多年，我说句实话。但凡是说在外面混不下去直接找个厂子进的人。你放心吧，他绝对在厂里干不下去[笑哭]连外面的苦都吃不下，你觉得他吃得了厂里面得苦？,2026-05-05 04:42:16,62,5
就以现在的就业环境，我们00后到底能干什么,BV15WRjBVERR,年纪越大，越是理解古人说的一命二运三风水，投胎才是最大的技术。以前产业扩张，还可以靠读书改变命运，现在阶级固化，普通人想达成阶级跨越简直难如登天，除非运势强的离谱。,2026-05-06 04:16:42,100,3
就以现在的就业环境，我们00后到底能干什么,BV15WRjBVERR,所以这个时代不要随便结婚生子，有可能自己都养不活[笑哭],2026-05-10 22:03:22,76,3
就以现在的就业环境，我们00后到底能干什么,BV15WRjBVERR,现在的教育与就业是畸形的,2026-05-06 16:15:38,339,15
就以现在的就业环境，我们00后到底能干什么,BV15WRjBVERR,好的工作是不会在市面上流通的,2026-05-02 14:50:16,564,18
就以现在的就业环境，我们00后到底能干什么,BV15WRjBVERR,兄弟，你为什么会觉得可以随便找个厂上班，厂也不是那么好找的，现在制造业有点萎缩，厂很难的[笑哭],2026-05-03 22:11:14,168,4
就以现在的就业环境，我们00后到底能干什么,BV15WRjBVERR,什么都干不了 特别是没学历没钱的人  我去做网管都被炒鱿鱼 可能真的要说一声再见了，真的很累，妈妈走后没有亲人了 工作也丢了，甚至现在连自己温饱都是问题，自己想吃一碗饺子却全都买不起，生病了也没办法去看自己坐着 想了很多，下辈子我想当一朵牵牛花，陌生的朋友，你们要照顾好自己,2026-05-03 01:04:53,2792,137
就以现在的就业环境，我们00后到底能干什么,BV15WRjBVERR,年轻人在大城市安不了家，在小县城就不了业。看up居然在杭州，我当时在大城市卷了3年每天三点一线突然感觉生活一点意思也没用，直接回家开店了[妙啊],2026-05-03 00:31:55,65,1
就以现在的就业环境，我们00后到底能干什么,BV15WRjBVERR,"有时候很羡慕18岁的高考生,18的未知是可能是希望,现在26岁,发现自己想做的事处处是未知,未知意味着成本意味着损失意味着无意义",2026-05-19 10:22:46,16,0
就以现在的就业环境，我们00后到底能干什么,BV15WRjBVERR,点开一看 全是劳务派遣 研究生以上 课题组牛马 绷不住了 1年以后结题了就给你踹出去,2026-05-03 14:01:35,491,16
就以现在的就业环境，我们00后到底能干什么,BV15WRjBVERR,说实话送外卖应该社会是兜底用的，但是甚至最近几年遇到的女外卖员也越来越多，大多数还年轻，单价也越来越低，甚至前几周还遇到聋哑人出来送外卖和开网约车的，可想而知现在的就业市场和环境,2026-05-02 20:32:36,1025,37
就以现在的就业环境，我们00后到底能干什么,BV15WRjBVERR,根本原因就是分配问题、阶级矛盾。因为我们社会形态特殊，不会直接体现这些问题，而是异化成了各种各样的矛盾,2026-05-07 06:58:08,56,3
就以现在的就业环境，我们00后到底能干什么,BV15WRjBVERR,都说进厂进厂，以为工厂那么好干吗，12小时两班倒月休4天是常态，先不说能不能干得动，到手工资也就5-6k，所以你猜为什么工厂常年招人,2026-05-25 18:14:18,2,0
就以现在的就业环境，我们00后到底能干什么,BV15WRjBVERR,别什么都往自己身上揽，是这个社会太复杂了。你已经做得够好了，真的特别棒。,2026-05-03 17:21:43,71,0
就以现在的就业环境，我们00后到底能干什么,BV15WRjBVERR,不是不能端盘子，是不能花大代价读书之后发现还是得去端盘子[笑哭],2026-05-22 10:25:59,14,1
就以现在的就业环境，我们00后到底能干什么,BV15WRjBVERR,打死也别进厂，中国的厂还不如监狱[脸红]，监狱还只劳动8小时，生病了还有人看病[doge_金箍],2026-05-19 12:31:14,10,1
就以现在的就业环境，我们00后到底能干什么,BV15WRjBVERR,目前来看普通人唯一的出路就是在家躺尸[笑哭],2026-05-05 16:52:45,22,0
就以现在的就业环境，我们00后到底能干什么,BV15WRjBVERR,你别说你00后了，我92年的，研究生毕业在家打零工1年了，本地没有人干的工作，人性化的工作都在大城市，可是大城市你安不了家，没法结婚生子，所以，这就是个死局。,2026-05-06 00:21:48,168,20
就以现在的就业环境，我们00后到底能干什么,BV15WRjBVERR,无敌了干了一次赚了220，太爽了，比我现在高多了,2026-05-18 22:23:09,2,0
就以现在的就业环境，我们00后到底能干什么,BV15WRjBVERR,我现在不知道要不要上大专，现在给家里夫妻店打工，吃喝也在家里，所以开销不会很大，偶尔会出去玩会,2026-05-03 13:27:42,549,217
就以现在的就业环境，我们00后到底能干什么,BV15WRjBVERR,赛季末了就这样，等s3吧,2026-05-06 00:34:12,22,1
就以现在的就业环境，我们00后到底能干什么,BV15WRjBVERR,中年老登的观点是 资本就是等我们这批中年老登被迫退休，然后用更便宜的成本招刚毕业的你们 然后不断压缩成本。老板和管理不断获得更多利益,2026-05-08 19:07:49,3,0
就以现在的就业环境，我们00后到底能干什么,BV15WRjBVERR,等天命到了，给咱妈开开眼[兔年吉祥東雪蓮_哈哈],2026-05-08 07:01:34,24,0
就以现在的就业环境，我们00后到底能干什么,BV15WRjBVERR,在家躺了一年半了，没学历没技术，之前干过cnc操作员，两班倒12小时工资低就跑路了，不怕大家笑话[笑哭]，现在真的麻了，不知道干什么，活着真的好累,2026-05-06 00:49:57,75,15
就以现在的就业环境，我们00后到底能干什么,BV15WRjBVERR,[笑哭][笑哭][笑哭][笑哭][笑哭][笑哭][笑哭][笑哭],2026-05-04 15:28:03,32,0
就以现在的就业环境，我们00后到底能干什么,BV15WRjBVERR,送过外卖，当过保安，卖过保险，都干了几个月觉得又累又没面子，干脆又跑的远远的去进厂，结果一个人在外面发现还不如之前越来越颓废。现在进工地修机器5年了，环境差特别累，安全隐患特别大，已经见过死几次人了，要不是工资高1万5早跑了，只是有时候想到自己啥也不会跑了又能去干啥，现在婚也没接，工地干久了还年纪轻轻一身病，特别自卑感觉人生好没意义。,2026-05-10 07:24:45,66,7
就以现在的就业环境，我们00后到底能干什么,BV15WRjBVERR,庆幸自己21年就跑了，如果那会跟着一帮没出社会的学生整天意淫赢估计也糟了,2026-05-05 06:01:50,49,8
就以现在的就业环境，我们00后到底能干什么,BV15WRjBVERR,这就是为什么我们不能“躺平”，青年兴则国家兴，青年强则国家强。“躺平”或许能换来一时安逸，却注定错失一路风景；妥协也许能逃避眼前压力，却永远无法抵达理想的彼岸。愿每一位青年朋友都能守住初心、站稳立场，不被杂音干扰，不被迷雾遮挡，在最好的年华里向阳而生，把青春奋斗融入强国建设、民族复兴的伟大征程，书写无愧于时代的精彩答卷！,2026-05-25 06:37:39,6,3
就以现在的就业环境，我们00后到底能干什么,BV15WRjBVERR,我目前手上有一家offer，这个公司已经创办7年了，公司规模20人不到，我是经历了一面+测试+终面三个环节，最后给我开到1w多左右，朝九晚五，双休，五险一金，不加班，我比较担心的是公司规模小，然后目前是在研发一款产品还未盈利。像这种小公司，如果项目资金不稳定随时都有可能裁员咋办，后面出来失去应届生身份还不好找工作[笑哭],2026-05-25 10:13:34,5,1
就以现在的就业环境，我们00后到底能干什么,BV15WRjBVERR,[吃瓜],2026-05-05 10:25:50,155,9
就以现在的就业环境，我们00后到底能干什么,BV15WRjBVERR,不错啊，你还有体力，我估计只能看大门,2026-05-25 18:43:32,1,0
就以现在的就业环境，我们00后到底能干什么,BV15WRjBVERR,"最大的困境是明明知道自己很年轻，知道自己还有拼搏的的空间，但是大环境不允许，找不到路子进入自己喜欢的行业拼搏。
谁不知道跑外卖和进厂能赚钱糊口，但是也拧巴在这，进入了这些行业，相当于放弃了自己未来的可能，没有对应的行业经验，未来想要转行，几乎不可能。二十几岁就看到自己一生的尽头，谁能甘心？
尤其是大学生，不停做题做到大学毕业，正想大展拳脚，结果遇到这样一个大环境，谁的心态不崩？",2026-05-04 13:09:30,237,8
就以现在的就业环境，我们00后到底能干什么,BV15WRjBVERR,做服务员 做了十天 昨晚被莫名其妙的理由开了 我是没招了,2026-05-02 16:00:19,211,25
就以现在的就业环境，我们00后到底能干什么,BV15WRjBVERR,相信产业升级[打call]相信咱妈[打call],2026-05-09 21:43:06,24,4
就以现在的就业环境，我们00后到底能干什么,BV15WRjBVERR,家里开诊所的，父母说日均流水2000左右，之前人口没有流失前有时一天能上万，他们让我读临床医学回去接手，但听说医学生很苦吗？[吃瓜],2026-05-24 01:21:51,3,0
就以现在的就业环境，我们00后到底能干什么,BV15WRjBVERR,普通人，回家种地不死就行了，还上班，累死累活几千块，医院又死贵，一点病就大几万的，种地吧，真的,2026-05-03 02:16:54,106,38
就以现在的就业环境，我们00后到底能干什么,BV15WRjBVERR,在家躺一年了，没辙,2026-05-06 13:26:40,11,3
就以现在的就业环境，我们00后到底能干什么,BV15WRjBVERR,背景不是特别硬的情况下，大多数岗位学历不如工龄,2026-05-19 09:21:59,3,0
就以现在的就业环境，我们00后到底能干什么,BV15WRjBVERR,"我来自哥伦比亚，2002年出生, 我学的是会计和工商管理，但现在在滴滴出行做司机, 生活并不容易，但韧性和对未来充满希望是我们最大的力量, 与此同时，我们珍惜每一天，并对我们所拥有的美好事物心怀感恩[保佑][爱心]",2026-05-20 00:41:38,35,10
就以现在的就业环境，我们00后到底能干什么,BV15WRjBVERR,不需要干什么，能活着就行，等待天时。如果外星人突然来了，按人头发物资，你活着就是能算一份。,2026-05-04 12:54:07,66,16
就以现在的就业环境，我们00后到底能干什么,BV15WRjBVERR,[辣眼睛]我28岁普通一本，被裁员后已经卷外卖了,2026-05-21 19:03:45,6,1
就以现在的就业环境，我们00后到底能干什么,BV15WRjBVERR,今天下午的面试被鸽了,2026-05-25 12:43:53,3,1
就以现在的就业环境，我们00后到底能干什么,BV15WRjBVERR,出了个车祸，对方全责，结果因为这个gap，找不到工作了，最离谱的是两个公司认为车祸撞我是我运气不好，他们不需要运气不好的人[笑哭],2026-05-23 18:40:05,3,0
就以现在的就业环境，我们00后到底能干什么,BV15WRjBVERR,看看日本失落三十年，不知道咋办,2026-05-02 13:58:53,149,80
就以现在的就业环境，我们00后到底能干什么,BV15WRjBVERR,我家门口有个水沟。沟槽的老董伐落实一夏跟沙拉塔门玛衣扬[灵魂出窍],2026-05-07 18:42:39,2,0
就以现在的就业环境，我们00后到底能干什么,BV15WRjBVERR,冷知识，快手极速版每天签到领5毛也算就业。,2026-05-20 17:24:53,3,0
就以现在的就业环境，我们00后到底能干什么,BV15WRjBVERR,还会发视频你已经赢过我们一大群人[笑哭],2026-05-17 23:15:04,16,1
就以现在的就业环境，我们00后到底能干什么,BV15WRjBVERR,"只能说都是前几十年风口太多，再加上信息传播太快太密导致的
说的难听一点世界就是这样的，短视频互联网让人能够看到最好的生活是什么样，但是绝大部分人达不到那个高度
现在经济下行再一对比就好像过的非常惨，其实原因就是看到了根本得不到的东西",2026-05-06 18:10:22,16,0
就以现在的就业环境，我们00后到底能干什么,BV15WRjBVERR,现在是下沉式内卷，全球都一样，原来本科的工作现在需要硕士，硕士的工作现在需要博士。我是94年的，22年工学博士毕业，目前副教授+硕导，我带的学生目前就业形势也很不好。我当时的本科同学，能结婚生子的，基本都是体制内或国企央企的。这就是现实。,2026-05-04 09:40:03,37,2
就以现在的就业环境，我们00后到底能干什么,BV15WRjBVERR,我和我的同学都说长大打包去养老院当护工得了[笑哭][笑哭],2026-05-12 22:00:30,6,0
就以现在的就业环境，我们00后到底能干什么,BV15WRjBVERR,有两年没回国了，最近两年国内就业怎么样？来说说看,2026-05-06 14:24:26,108,33
就以现在的就业环境，我们00后到底能干什么,BV15WRjBVERR,00还有人要，因为你们年轻，90后有一半都30多岁了，太难了，我这小城市，找工作找的想死,2026-05-16 19:36:40,7,0
就以现在的就业环境，我们00后到底能干什么,BV15WRjBVERR,我就不一样了，只要工作够轻松，钱少一点也无所谓[笑哭],2026-05-03 12:00:18,41,7
就以现在的就业环境，我们00后到底能干什么,BV15WRjBVERR,大家可以多了解一下有关招聘信息。如有需要可以去官网网申[汤圆],2026-05-04 07:06:18,255,21
就以现在的就业环境，我们00后到底能干什么,BV15WRjBVERR,卷这个是国人自带的被动 拿我这个IP来说 疫情前开出租 柜子老头司机都是一个月开20天一天8小时 也就拿了30万 40万日元撑死了 疫情后 一大批做旅游的地陪国人做不下去了 退下来去开车 现在你去小红薯看看他们的工资明细 一个月国人司机可以做到月休4天甚至2天 然后一天开十几个小时 一个月开80 90万工资 [笑哭],2026-05-20 09:51:52,3,0
就以现在的就业环境，我们00后到底能干什么,BV15WRjBVERR,00年的，上周找了一个做pdd招商的，新公司今天去试岗了。9点上班我等到9点20他才来开门，老板刚21属于比较混的那种，胳膊上全是纹身，说话也不怎么着调。工作室算上我和老板总共就三个人，呆了一上午感觉特别不靠谱，刚和他发消息说不适合不去了。[笑哭],2026-05-19 13:10:47,9,2
就以现在的就业环境，我们00后到底能干什么,BV15WRjBVERR,看看抖音。人均年薪百万[doge_金箍],2026-05-06 18:36:28,20,3
就以现在的就业环境，我们00后到底能干什么,BV15WRjBVERR,现在学技术也学不到。很多厂子老员工是基本不带新人的。厂老板要求他们带新人，但实际上他们是不想带的。，就是思思把技术捏在自己手里。或者说交给自己亲朋好友，然后再赚点钱。,2026-05-04 22:24:47,7,1
就以现在的就业环境，我们00后到底能干什么,BV15WRjBVERR,问题是你进厂也做不到安安稳稳干到退休啊,2026-05-25 17:55:29,1,0
就以现在的就业环境，我们00后到底能干什么,BV15WRjBVERR,97的底层人民表示也差不多，最近不是突然提倡反对躺平和说有外围给钱做躺平视频的么[微笑]懂我什么意思吧，怎么做才能鞭策醒那些高高在上的却什么都不想着改变的人吧,2026-05-03 17:55:00,4,0
就以现在的就业环境，我们00后到底能干什么,BV15WRjBVERR,这套大房子多少钱？你不算普通人了吧,2026-05-11 08:57:39,4,0
就以现在的就业环境，我们00后到底能干什么,BV15WRjBVERR,不错了，年轻人，像我们这种老登，这种体力活人家都不要的，被迫只能跑外卖,2026-05-03 18:34:33,16,1
就以现在的就业环境，我们00后到底能干什么,BV15WRjBVERR,[笑哭]一个年轻人，你最大年轻就是这是好事，懂吗？现在很多工作35以上都不要了。年轻找得到轻松工作，虽然工资一般,2026-05-02 15:27:45,86,11
就以现在的就业环境，我们00后到底能干什么,BV15WRjBVERR,"以台灣經驗一個普通人來說
只想躺平就去當保安
沒貸款沒結婚 當保安的薪水自己用日子很好過了
不想躺平也沒大志向就去考公
薪水不高 但是最少該有的都有 往外說工作也好聽
有進取心想多賺錢就去學水電
水電師傅在台灣現在很賺錢的
有時候你打電話叫 還叫不來 很忙
跑外賣進廠什麼的 
你難道能整天跑十幾個小時跑到70歲嗎",2026-05-11 10:38:41,19,5
就以现在的就业环境，我们00后到底能干什么,BV15WRjBVERR,现在上班两班倒12小时好累，这种生活一眼就能看到头，躺平又躺不了，身体又不好，但是不工作又没钱[笑哭],2026-05-06 08:40:20,69,9
就以现在的就业环境，我们00后到底能干什么,BV15WRjBVERR,[嘟嘟][嘟嘟]随便找一工作先干着吧，赶紧趁年轻攒点钱，等中年了找不到工作的,2026-05-03 13:22:39,19,0
就以现在的就业环境，我们00后到底能干什么,BV15WRjBVERR,"我1990年出生，18岁便踏入社会，第一站是深圳龙华。2008到2012年，我在餐饮端盘子、电子厂打螺丝，也给父亲做过小工。那段时间只是谋生，没有方向。

2012年开始接触电商，但并未真正用心，只是随手注册账号。2014年结婚，婚礼费用靠家里支持。电商赚的钱大多花在吃喝玩乐，没有积蓄。结婚时家当不过两台电脑、两部手机和一辆电动车。2016年孩子出生时，两口子存款只有2.3万元，很快被奶粉纸尿裤花光。那一刻，我才真正意识到压力，开始认真经营电商，能省则省。

2016到2018年，我遇到P2P投资的机遇。很多老板通过注册公司、美化流水，从平台贷到资金作为创业启动资金，基本没打算还。我也从中受益，2019年终于在深圳付了房子首付。2020年疫情爆发，电商迎来大转机，两年间赚到的钱让我还清房贷，还买了车。但房地产行情下滑，房子虽是自住，却仍让我心里刺痛。

回顾我们这一代人（85-90后），算是最幸运的一批：智能手机倒卖、房地产、电商、直播、比特币、区块链、微商、自媒体……机会层出不穷，就看能不能抓住。而2000年后出生的人，社会红利减少，普通人创业的机会相对少了。

我浪费了前8年浑浑噩噩，直到孩子出生才顿悟。结婚时家里条件有限，父亲在老家建了两间自建房，供我和哥哥结婚用。我婚后仍在深圳租房，老婆打工。疫情几年，我赚的钱甚至超过父亲一辈子，但压力也更大。相比之下，00后父辈积蓄更多，压力会小一些，但若要在大城市买房，仍可能掏空几个钱包。

我哥比我大三岁，早年跟父亲一起干活。2017年结婚时在惠州买了一套42万的小产权房。后来因工程款问题，深圳本地人用两套小产权房抵给他，但还要补95万。他卖掉惠州房，又借了老丈人的钱才拿下。2019年，他又卖掉深圳74平的房子，在惠州买了两套：一套180多平的大平层，一套110平的海景房。我很羡慕他，那才叫人生。他甚至计划50岁前退休。但2022年底房地产下跌，他的苦日子来了。幸好嫂子精明能干，从2017年就在深圳农贸市场开海鲜档口，早出晚归支撑家庭。我当时还笑他野心太大，没想到后来证明嫂子的选择很重要。",2026-05-02 16:38:40,736,22
就以现在的就业环境，我们00后到底能干什么,BV15WRjBVERR,提起日本泡沫，就想到东京爱情故事这部电视剧[笑哭],2026-05-25 14:00:31,1,0
就以现在的就业环境，我们00后到底能干什么,BV15WRjBVERR,你好，你在视频里说的话表达的态度简直跟我想法不谋而合，展会撤场我也干了，就在上上个星期，我本科毕业，进过厂当过保安送过外卖，干过各种兼职，我已经迷茫了，很多次深夜我会想自己是不是不再活下去比较好，看着曾经的朋友同学买车买房结婚生子，而我还像个孤魂野鬼在这冰冷的社会上到处游荡不知归途，我就非常非常的，深深地感觉到孤独,2026-05-03 00:29:05,354,24
就以现在的就业环境，我们00后到底能干什么,BV15WRjBVERR,啥也别干，躺平啃老就好，参考隔壁小日子,2026-05-18 22:29:37,2,1
就以现在的就业环境，我们00后到底能干什么,BV15WRjBVERR,"说出来你们可能不信，一直到现代以前人口只有不够，从来没有失业这种说法
原因就是年年都要打的战争与徭役，核武器出现之后不用打大规模战争了
如果没有核武器，多余的人口分分钟变成前线冲锋的敢死队
死亡是平衡人口最佳的方式",2026-05-12 20:47:00,13,0
就以现在的就业环境，我们00后到底能干什么,BV15WRjBVERR,进厂三年了，行业不景气工资开始降，活越来越多。一开始是学徒干的少挣得少，现在成技术工，钱多了不少但是工作压力更大了，每天上班就是全程忙活连喝水的功夫都没有，既要搞生产任务又要搞行政任务，好事写分析坏事写报告，还要抽时间带徒，下了班还得自主学习应对考试（和绩效挂钩，同岗位成绩差的扣工资系数），已经被绑④在厂里，想跑但是出去没人要，要是有条件千万别进厂,2026-05-05 02:07:03,22,1
就以现在的就业环境，我们00后到底能干什么,BV15WRjBVERR,如果近两年毕业就努力争取一下好工作，要么大厂要么初创，有简历就大厂，没简历就初创。只要专业搭边就去投，面试前调查一下公司，面试中不经意透露一下你对公司的理解，回答问题要表达清晰不紧张，特别是初创一般都有boss直面，一般会给你压力，抗压就行。不要怕专业性问题答不上来，谁都是要学的。希望各位加油,2026-05-05 20:34:33,57,7
就以现在的就业环境，我们00后到底能干什么,BV15WRjBVERR,进厂不是半能进 五天八小时双休 一个月能有4k 厂给人挤爆了,2026-05-03 10:47:07,20,6
就以现在的就业环境，我们00后到底能干什么,BV15WRjBVERR,"现在实习上班两班倒一个月六七千,再过一个月毕业了,那时候我在想辞不辞职，辞职了，这种偶尔能上8000的工作还能不能再找到不好说，但是两班倒又实在是有点难以言语。",2026-05-05 04:41:40,32,3
就以现在的就业环境，我们00后到底能干什么,BV15WRjBVERR,我一个二本的计算机专业的垃圾大学生，高中父母管得严，大学玩疯了感觉什么都没学明白，现在在一家线上便利店当拣货员，一个月5000，月休四天包住不包吃，一天10小时，工作强度倒是不大（夜班22到8，真干事就56个小时，甚至有时候34小时，下雨天可能才忙一点），没事就可以随便休息，养活自己没毛病，但家里人一直在劝我辞职考公，但我感觉我性格不适合体制，想自己学点东西搞搞副业,2026-05-22 19:10:14,6,1
就以现在的就业环境，我们00后到底能干什么,BV15WRjBVERR,该怎么办，人生无望。,2026-05-11 14:41:36,5,0
就以现在的就业环境，我们00后到底能干什么,BV15WRjBVERR,不生孩子,2026-05-03 07:54:49,17,0
就以现在的就业环境，我们00后到底能干什么,BV15WRjBVERR,现在就业率真的假,2026-05-09 19:35:14,3,0
就以现在的就业环境，我们00后到底能干什么,BV15WRjBVERR,boss招聘骗子一大推[汤圆]。,2026-05-07 00:45:53,3,0
就以现在的就业环境，我们00后到底能干什么,BV15WRjBVERR,"兄弟们，我大专，学的CNC数控，25毕业的，进厂干了段时间后发现真不适合自己，现在在一个高档小区干门岗保安。
无月休白班12小时包住不包吃，一个月5100死工资，每天就是车辆敬礼，行人打招呼，登记询问进不去的车辆，俩人岗，站一小时休一小时，事少，小区不足百户人。站着可以周围四处晃，可以把手机放登记台上看或玩，12小时有11小时都在玩。
这工作咋样？想学点技术，不进厂当一线的那种，又不知道学什么。",2026-05-14 22:48:42,41,14
就以现在的就业环境，我们00后到底能干什么,BV15WRjBVERR,[妙啊]疫情三年，降本增效默认12小时 ai下岗潮，00后是天选之子,2026-05-03 15:08:30,12,1
就以现在的就业环境，我们00后到底能干什么,BV15WRjBVERR,其实我一直感觉很奇怪那便是如果就业环境及其恶劣那偷 抢 闯空门也应该经常发生啊 但为啥就连门槛无限低的0元购都没咋有呢,2026-05-09 09:03:51,45,23
就以现在的就业环境，我们00后到底能干什么,BV15WRjBVERR,现在至少还有体力活，深圳很多环卫工作都是ai了，谁知道后面啥样,2026-05-24 15:47:41,2,1
就以现在的就业环境，我们00后到底能干什么,BV15WRjBVERR,想听听评论区的意见，我现在在本地公立医院做药品会计，算半个编制吧，工资很低，算上奖金3000多，工作强度很小，早八晚五中午休息三个小时，基本上除了月底做账来了就是玩手机，我现在干的有点抑郁了，自己一个男孩子就挣这点，虽然不愁吃穿但是真的太少了，所以我应不应该辞掉这个工作然后漫无目的的去南京上海找工作呢，或者谁能给我一点建议，我的零碎时间该干什么，因为思考这个问题我已经抑郁到躯体化了[大哭],2026-05-11 17:04:19,131,71
就以现在的就业环境，我们00后到底能干什么,BV15WRjBVERR,就你视频开头那地方，直接进地铁，如果能熬夜，就选保安上晚班，如果熬不了，就安检，或许保安白班，反正上一休一遭得住，一个月3000块差不多，至少养活自己没问题，还包吃包住。还有至少四川这块地，你想整到保安证的话，一般来说只能走公司的渠道，反正体检加保安证等等等等的，基本上五六百就没了。然后就是有了保安证，后面去其他地方当保安也行，看看后面能不能找到更好的地方转职，比如说偏僻厂子的保安或者说是停车场的一个保安,2026-05-23 18:50:48,2,0
就以现在的就业环境，我们00后到底能干什么,BV15WRjBVERR,00后了，还是团结不起来吗，去制定一个让大多数人都能自由幸福的生活学习工作的规则，真是一代人指望一代人，团结起来斗争进去，换了天下，换一种活法！,2026-05-09 00:41:39,34,14
就以现在的就业环境，我们00后到底能干什么,BV15WRjBVERR,00后怎么说的，80后挨过的毒打00后是肯定挨不到的，当然吃到的肉00后大概率也吃不到了[笑哭],2026-05-08 10:15:43,5,1
就以现在的就业环境，我们00后到底能干什么,BV15WRjBVERR,40岁的我如果能回到十七八岁的时候，那一定会找一份不太累的工作，工资没所谓，够一个月的开销就行了，但一定要有五险一金，其它的啥都不想不尝试[妙啊],2026-05-19 10:55:26,2,0
就以现在的就业环境，我们00后到底能干什么,BV15WRjBVERR,事到如今，等gat6吧,2026-05-06 01:50:15,11,1
就以现在的就业环境，我们00后到底能干什么,BV15WRjBVERR,没学历，没技术的，以后就是保安，保洁，工厂，外卖，快递，滴滴，服务员，后厨打荷，洗碗，超市分拣，水果店营业员，超市收银之类的，我现在就是大型连锁饭店洗菜的，没人管，就自己的活，后厨洗菜房自己洗，上班骑车10分钟就能到，一个月4天休，4500块钱，管三顿饭，每个月基本不花钱，就是攒钱，每天笑嘻嘻，攒到50万我就退休了,2026-05-08 09:37:47,42,3
就以现在的就业环境，我们00后到底能干什么,BV15WRjBVERR,从去年11月初躺平到今年4月底快半年了，实在躺不动了，再下去都没钱花了，想学其他东西也没经济支持。4月28找了个服务员的工作，节假日累的其他时候不累，8小时双休两千多，现在总算有时间有经济学习了,2026-05-03 00:23:59,44,3
就以现在的就业环境，我们00后到底能干什么,BV15WRjBVERR,能量太低了导致的，我大学毕业的时候也是做了半年程序员就被辞退了，技术和学习工作态度都不行。因为没目标没动力不知道为啥要做这个工作。我感觉陷入这种状态的人都应该和我差不多，可能短暂性抱负远大，但是没技术或者技术不到位没能力，又想短时间就有结果，就会很迷茫。其实最重要的就是内口心气和向上的心态，有这俩你做啥都不会差。我现在是通过良好作息饮食加上健身才找回了一些心气，再想着重新学习编程再继续回去干程序员的工作，当然也是想克服自己曾经的恐惧。,2026-05-05 10:27:50,244,23
就以现在的就业环境，我们00后到底能干什么,BV15WRjBVERR,没学历的就去铁人三项（现在进厂和吉祥三宝都开始卡学历了）或者想办法考成人学历扩宽出路，全日制大专出来的就属于找体面工作的门框（劳务派遣、合同工、辅警、部分小私企），如果不想提升学历的话个人建议是去考经济发达地区的辅警，部分地区的辅警待遇能月到手四千多，五险一金齐全比私企稳定，能干到退休，全日制本科开始出路就很多就不赘述了,2026-05-07 10:26:36,5,0
就以现在的就业环境，我们00后到底能干什么,BV15WRjBVERR,讲话没点逻辑一边说不是知道干啥每个人目标不同一会这些只能养家糊口，你不管做什么都要打地基都要学习有技能，而不是进厂打这点散工,2026-05-12 23:00:41,1,0
就以现在的就业环境，我们00后到底能干什么,BV15WRjBVERR,现在是经济下行期，各行业都卷成了红海，就只有国家大力投资的AI、机器人、新能源汽车好一点，加上阶级固化严重，普通人没有什么实现阶级跃迁的机会了，什么工作有什么收入网上可查，没学历没技术现在就是只能干销售、进厂、或者铁人三项，这种生活体验一下得了，不必浪费时间,2026-05-02 21:06:32,52,2
就以现在的就业环境，我们00后到底能干什么,BV15WRjBVERR,家里没钱的话，不欠外债不结婚保你饿不死，找个不累的活干着就行，有点学历就找个坐班的，没有的找个轻松不伤身的就行，躺平就是低物欲，不结婚就没事。,2026-05-10 15:23:35,5,1
就以现在的就业环境，我们00后到底能干什么,BV15WRjBVERR,只要我们卷赢全世界就能好起来,2026-05-14 23:27:46,2,0
就以现在的就业环境，我们00后到底能干什么,BV15WRjBVERR,我00后上班好几年了，我现在还有以前的同学还在上学[笑哭]，也快毕业然后就业方向，也大概率都是饱和的，都不知道到时候他们咋办,2026-05-03 19:24:40,41,16
就以现在的就业环境，我们00后到底能干什么,BV15WRjBVERR,我今年23大专学历，我爸是造纸厂车间主任，让我去他那里上班，12个小时一个月休息3天，不休息能拿9000，我在考虑要不要去，不想在家里躺平摆烂了,2026-05-06 06:31:32,57,35
就以现在的就业环境，我们00后到底能干什么,BV15WRjBVERR,大专，还是美术专业，我完蛋了兄弟们[墨镜],2026-05-12 05:36:03,30,33
就以现在的就业环境，我们00后到底能干什么,BV15WRjBVERR,躺2年了,2026-05-08 19:44:40,3,0
就以现在的就业环境，我们00后到底能干什么,BV15WRjBVERR,大佬们 普通人还有出路嘛 我在上海干日结睡网吧 三十岁没结婚社恐 每天只吃挂面鸡蛋生菜 vc片 给点人生建议 迷茫 想去印度打工，那边双休嘛,2026-05-05 11:40:45,6,1
就以现在的就业环境，我们00后到底能干什么,BV15WRjBVERR,"有些工作确实是不想干，25届二本计算机，找不到本行工作，前几天进了中国人寿的培训(美名其曰管理岗，其实就是外勤销售岗，美名其曰有责底薪，其实就是0底薪，纯靠业绩，没业绩有些人干了几个月都没工资，)
这些还不是重点，重点是今天去培训。我看了一下里面的那些保险条款，太坑了也，理财保险的返利比例还不如银行定期高，全靠骗人和话术，计算方法一堆错的，得出一堆看着就假的数据(估计就赌别人不会细看合同和细算)，我是真昧不下良心去找中年大爷大妈推销这玩意，黑的说成白的骗别人血汗钱。其实也不是做推销的业务员说谎，我看了一下公司管理层给我们这些销售讲解理财产品的时候那些销售看的一脸懵得样子，估计他们这些销售自己都算不明白这保险到底能赚多少，一群学历看着不咋地的中年甚至老年销售，自己都看不太懂合同就去找别人推销产品，真的害人害己。
打算跑路去干别的了，计划花一两万去广东培训plc然后进厂?",2026-05-05 19:29:57,55,27
就以现在的就业环境，我们00后到底能干什么,BV15WRjBVERR,像又笨什么都干不了的这才算什么也干不了[笑哭],2026-05-08 17:26:39,2,0
就以现在的就业环境，我们00后到底能干什么,BV15WRjBVERR,团结起来，批发路灯,2026-05-05 05:31:07,4,0
就以现在的就业环境，我们00后到底能干什么,BV15WRjBVERR,我已经准备去麦了）,2026-05-06 08:30:44,1,2
就以现在的就业环境，我们00后到底能干什么,BV15WRjBVERR,目前已经躺了一年没上班了[OK]，除了没钱花，其他都还好，不知道该干嘛，,2026-05-25 20:40:52,0,0
就以现在的就业环境，我们00后到底能干什么,BV15WRjBVERR,02的，本科毕业无缝衔接考上老家烟草，现在十分舒服[doge_金箍],2026-05-18 21:27:16,12,11
就以现在的就业环境，我们00后到底能干什么,BV15WRjBVERR,现在的繁华都是前人的雪堆起来的，你想当燃料吗,2026-05-06 15:55:38,4,1
就以现在的就业环境，我们00后到底能干什么,BV15WRjBVERR,这和阶级有关。和几几后无关。有钱有资源开个店，找个靠谱的店长，你就爽吧。你没钱没资源，之前混的再好也给你刷下来。,2026-05-02 21:47:53,31,7
就以现在的就业环境，我们00后到底能干什么,BV15WRjBVERR,"哎说说我吧。
在应届生眼里我绝对算得上“无病呻吟”了，因为我刚毕业就找到了工作，校招才入职某央企集团总部下属部门。看起来很好是吧？毕竟你有别人看来不错的工作，赚的其实也还可以。
但是当时面的岗是大模型应用开发，结果进来直接调岗，合同里也写着员工就是无条件服从集团的调岗需求。结果我发现我是做的偏运维，程序员兄弟都知道吧。这运维和算法和开发差的也太大了，这以后还想什么晋升吗？可能我这个人目前还是有点带卷不卷的吧，谁不想往上走走呢？但是岗位和岗位之间的差距就是比人和狗都大。如果你说稳定也就算了，但是这年代的央国企你说稳定？我在这如果蹉跎了好多年再失业，我都不知道还能干嘛。",2026-05-08 11:40:18,37,20
就以现在的就业环境，我们00后到底能干什么,BV15WRjBVERR,我面到了一个大小周的外贸跟单工作，大小周，每天要加班的晚上九点，底薪5500，每个月加班费固定1000，除了休息的前一天不用加班，其他时间每天都要上11个小时，也不知道要不要去了。而且我现在是大专，专升本肯定是不行了，不知道去搞个非全日制的本科学历还有没有用,2026-05-08 12:34:50,4,0
就以现在的就业环境，我们00后到底能干什么,BV15WRjBVERR,光说别躺平，工作岗位都没有，摆明了让年轻人进厂，开摆，我摆不就是了,2026-05-19 18:11:15,1,0
就以现在的就业环境，我们00后到底能干什么,BV15WRjBVERR,啃老,2026-05-07 09:14:46,2,0
就以现在的就业环境，我们00后到底能干什么,BV15WRjBVERR,进厂😭。进厂又12小时、两班倒……😭苦也……,2026-05-02 18:12:31,17,0
就以现在的就业环境，我们00后到底能干什么,BV15WRjBVERR,"不要老是比较利弊
比利时，是一个欧洲国家
利弊相比时，哔哩哔哩
弊少于利，多利是一只克隆羊
利少于弊，多弊 is free 
弊利祠下，一片神鸦社鼓
但也不能不考虑利弊
当只考虑一件事情的弊，可利呢，是原神角色
当只考虑一件事情的利，可弊呢，已经坠机了",2026-05-03 02:31:09,8,2
就以现在的就业环境，我们00后到底能干什么,BV15WRjBVERR,人口再生产都做不到了，以后什么地域场景很难想象,2026-05-16 12:19:00,17,11
就以现在的就业环境，我们00后到底能干什么,BV15WRjBVERR,97年30了还愁失业呢，现在也是被剥削的工作还没地跑,2026-05-09 11:21:10,2,0
就以现在的就业环境，我们00后到底能干什么,BV15WRjBVERR,找到一个工作拼死拼活废掉半条命，考证的意义在于多一个证，而改变不了实际,2026-05-13 22:44:41,3,0
就以现在的就业环境，我们00后到底能干什么,BV15WRjBVERR,毕业回家后耍了一年，前天去县城问了一下教培，月薪2000，干个啥嘞,2026-05-18 20:16:10,1,0
就以现在的就业环境，我们00后到底能干什么,BV15WRjBVERR,重庆找不到工作，校招宁波进厂，合同有问题没签跑了，到了苏州，3.5K大小周，还在找房子，这边房价太高了，带独卫的要1200左右，单间也要800-1000[大哭],2026-05-03 12:48:04,27,17
就以现在的就业环境，我们00后到底能干什么,BV15WRjBVERR,其实咱们社会已经给了很多保底工作了，钱这东西说白了只是看你自己愿不愿意去赚。我自己是开游戏俱乐部的，来来往往底下带的人很多就像你们说的没钱没学历、同样也是游戏小白，那怎么办呢？我给他们算过账。合租房拉条宽带，租台电脑一个月不会超过1500的开销，现在三角洲和瓦这么火，你不说专职陪陪了，一个月再不济给人跑刀也能赚到3000啊，如果打游戏都觉得累坚持不下去了，那我不觉得你去社会上能找到啥工作能坚持下来的,2026-05-13 12:43:04,12,3
就以现在的就业环境，我们00后到底能干什么,BV15WRjBVERR,你都快五千粉丝了，继续把账号做下去吧，之前能有点收益，抖音也可以做的[妙啊],2026-05-18 11:41:09,3,0
就以现在的就业环境，我们00后到底能干什么,BV15WRjBVERR,哎愁死了，小弟马上带专毕业，校招实习也都是些销售或者压榨劳动力的工作，月薪都不能稳定2500一天完不成任务都要干到12小时以上[tv_大哭]小弟只能拜托朋友在学校联通帮我盖个章了[tv_笑哭]就是不知道能不能找到工作，放假这几天一直在逛找工作的软件，在徐州感觉根本没有把人当人看的工作[tv_睡着],2026-05-04 20:38:18,35,7
就以现在的就业环境，我们00后到底能干什么,BV15WRjBVERR,"因为心理问题高考基本要废了，爸妈离婚瞒着我10多年了，去年知道这件事的时候崩溃了好久。
马上要高考了，分数只有400出头，家里钱也不多，大专读下去真的是有意义的吗。",2026-05-21 00:07:50,11,6
就以现在的就业环境，我们00后到底能干什么,BV15WRjBVERR,我是01年的21年大专毕业后进了建筑公司，办公室工作早八晚五做六休一。有的时候忙成狗，有的时候闲的玩一天电脑。一个月4400。本来公司挺好的，老板对我们也不错，前年带我们去香港澳门玩，一共20来个人花了30万。但是老板澳门赢了70W[笑哭]。去年老板赌博欠钱了，把公司解散了。家里躺了3个月后来工地干活了，一天12小时全年无休。工资6300。走一步看一步吧，争取这个工地完工后能回到公司里面干活。,2026-05-24 14:14:39,4,1
就以现在的就业环境，我们00后到底能干什么,BV15WRjBVERR,兄弟们人生的意义到底是啥啊？我25大专机电一体化专业，迷茫的很，在厂里干了一年，然后回家躺了半年，家里都叫我去学技术，但是我在他们介绍过去的厂里干cnc教是会教东西但是天天加班，工资又低（两千出头）熬不住辞职了，现在又想着去朋友那边进厂干存点钱了，一想到这种日子还要干几十年，五六十岁之后都难解脱，想死的心都有了[大哭],2026-05-05 16:47:46,7,1
就以现在的就业环境，我们00后到底能干什么,BV15WRjBVERR,我觉得毕业后工作找不到，那就往自己喜欢的方向努力，好歹能学下去，能干下去,2026-05-09 10:27:18,2,0
就以现在的就业环境，我们00后到底能干什么,BV15WRjBVERR,24年大专毕业以后就一直做保安，和兼职,2026-05-05 14:10:29,112,35
就以现在的就业环境，我们00后到底能干什么,BV15WRjBVERR,确实，有梦想有目标是好事，但我没有，所以我直接进厂了，学历完全没发挥作用[笑哭],2026-05-03 09:16:03,32,14
就以现在的就业环境，我们00后到底能干什么,BV15WRjBVERR,每年进厂1-2月 其他时间干自己想干的每天可以挣个吃饭钱够了，[兔兔岛_吃面],2026-05-02 22:30:00,15,1
就以现在的就业环境，我们00后到底能干什么,BV15WRjBVERR,其实我97的也没工作 [局长的教育手册静态表情包_叹气]6月毕业了 研究生 早知道里不浪费时间出去了 烂仔厂里了,2026-05-03 13:59:38,14,6
就以现在的就业环境，我们00后到底能干什么,BV15WRjBVERR,小纸加油！！,2026-05-24 01:32:57,1,0
就以现在的就业环境，我们00后到底能干什么,BV15WRjBVERR,"00后，坏的时候没全坏，好的时候刚开始
卡在中间不好不坏，左右不是",2026-05-22 03:35:57,1,0
就以现在的就业环境，我们00后到底能干什么,BV15WRjBVERR,"害！活着就是挣了！
想这想那，不纯纯折腾自己。",2026-05-07 13:52:57,2,0
就以现在的就业环境，我们00后到底能干什么,BV15WRjBVERR,这几年就继续苟住，大环境就是不好，养好身体的自己的灵感，养精蓄锐等后面的时机。因为你急了也没用。要么越想越烦，最后想不开，要么少想忍着等待机会，毕竟，只要自己身体好，精神好，人生的路还长着,2026-05-04 23:59:08,12,3
就以现在的就业环境，我们00后到底能干什么,BV15WRjBVERR,"666，我在评论区发个怎么找网络兼职的评论就三个人来找我，真的无语[笑哭]
你们能不能不要吃饱了没事干？？？[笑哭]",2026-05-18 14:14:53,1,1
就以现在的就业环境，我们00后到底能干什么,BV15WRjBVERR,太难了 我连年轻资本背后的健康都没了 哪怕是中等的力活都没法干 难…,2026-05-03 10:38:50,6,0
就以现在的就业环境，我们00后到底能干什么,BV15WRjBVERR,直接去发达国家打工就对了。,2026-05-08 11:36:45,5,2
就以现在的就业环境，我们00后到底能干什么,BV15WRjBVERR,去澳大利亚打工至少能攒些钱。,2026-05-23 07:41:59,1,0
就以现在的就业环境，我们00后到底能干什么,BV15WRjBVERR,从17岁开始做各种兼职，第一次找暑假工、兼职，或者毕业后第一份工作时的迷茫了。现在赚钱的方式越来越多，但坑也真的越来越多。很多人不是不能吃苦，而是不知道哪些苦值得吃，哪些苦只是白白消耗自己。酒店、餐饮、酒楼这类工作不是不能做，但一定要慎重。工时长、强度大、工资低，还经常要面对顾客情绪和临时加班。如果你不是想长期往餐饮、酒店管理方向发展，只是想短期赚钱，我个人不太建议把它当首选。想短期攒钱，可以优先看看物流、配送、快递站、仓库打包这类岗位，收入相对透明，多劳多得，也比较适合执行力强、能吃苦的人。如果你不想一直做体力活，更建议关注轻销售和线上兼职，比如校园推广、电话卡、宽带、驾校、社群助理、电商客服、短视频剪辑、图文排版、AI工具辅助写作、直播中控等。这些一开始不一定赚很多，但能锻炼沟通、销售、运营、表达和AI工具使用能力，这些能力以后找工作、做副业、做账号都用得上。尤其是现在AI发展很快，会不会用AI整理资料、写文案、做表格、出脚本、剪视频，真的会慢慢拉开差距。找兼职一定要记住，不交押金、不垫钱、不囤货，不信“日入几百上千”“零门槛高收入”，工资、工时、结算方式、离职规则一定提前问清楚，聊天记录、考勤截图、转账记录都要保存好。年轻人可以吃苦，但别吃没必要的苦。选工作的时候，多问一句，多留个证据，真的能少走很多弯路。如果你正在找暑假工、兼职、副业，或者想往AI工具、运营、客服、销售这些方向发展，可以来找我聊聊天，如果有什么具体问题，也欢迎随时交流，我会尽力帮你解答。加油！,2026-05-15 12:07:16,7,0
就以现在的就业环境，我们00后到底能干什么,BV15WRjBVERR,离谱，啥技能没有 又想要高收入 那不是做梦么，还上限太高 你这线都不上 正常人家里没钱 自己上班存点钱 谈个女朋友 一起做点小生意 或者学点有需求的技能 不是随便都比进场当普攻强，你这天天混日子 钱也没有 时间也花了 该迷茫还是迷茫，到处做兼职 又不想着怎么在这上面下功夫 纯纯给做视频找素材,2026-05-12 12:32:51,5,0
就以现在的就业环境，我们00后到底能干什么,BV15WRjBVERR,难绷[笑哭]说的好听不去当学徒是因为追求的不一样原来你追求的是干这种体力活啊[笑哭],2026-05-05 08:44:08,3,0
就以现在的就业环境，我们00后到底能干什么,BV15WRjBVERR,大专出来 23年开始工作 找的大部分都是6-8k的设计工作 刚开始工作市场就越来越不行。今年开始很多中大企业因为社保涨价开始降薪裁员，我们老板都忍不住爆粗口开骂[藏狐],2026-05-23 03:27:02,1,0
就以现在的就业环境，我们00后到底能干什么,BV15WRjBVERR,去国外建设,2026-05-21 14:08:41,1,0
就以现在的就业环境，我们00后到底能干什么,BV15WRjBVERR,干别人不愿意干的,2026-05-04 13:48:14,41,4
就以现在的就业环境，我们00后到底能干什么,BV15WRjBVERR,2026开年至今好多公司都倒闭关门了,2026-05-04 23:50:37,3,0
就以现在的就业环境，我们00后到底能干什么,BV15WRjBVERR,干带社保的保安  钱差不多 还比进场轻松多了,2026-05-19 14:58:59,1,0
就以现在的就业环境，我们00后到底能干什么,BV15WRjBVERR,[藏狐]你知道嘛 我们其实对比很久之前并没有区别 搭建起来巨大的行业框架不是我们一个人能完成的 即便它能够容纳相当多人 但是为什么没完成这个东西，我可能不知道吧,2026-05-04 20:01:47,9,1
就以现在的就业环境，我们00后到底能干什么,BV15WRjBVERR,研究生也找不到工作,2026-05-19 07:40:59,3,1
就以现在的就业环境，我们00后到底能干什么,BV15WRjBVERR,给多少钱就干多少钱的活是个很大的认知错误。,2026-05-17 22:23:10,1,0
就以现在的就业环境，我们00后到底能干什么,BV15WRjBVERR,你们00后可以在路边直播 可以网上擦边  可以打游戏陪玩 可以在B站发视频抱怨  可就尼玛连一个月3500的工资都瞧不上,2026-05-20 00:18:05,0,0
就以现在的就业环境，我们00后到底能干什么,BV15WRjBVERR,找不到工作，心态越来越崩了,2026-05-16 00:55:24,5,2
就以现在的就业环境，我们00后到底能干什么,BV15WRjBVERR,要饭,2026-05-20 01:19:41,0,0
就以现在的就业环境，我们00后到底能干什么,BV15WRjBVERR,认清自己，不是不学技术，是你懒得学,2026-05-05 23:51:39,2,0
就以现在的就业环境，我们00后到底能干什么,BV15WRjBVERR,唉，我23年疫情结束后一直在现在这个厂，3年了，我都不知道怎么熬到现在，现在最后悔的是去年和别人攀比贷款买了辆车，导致我现在想辞工去找别的好厂都不敢辞，所以真心劝各位朋友，工资不高的情况下，尽量不要去贷款买车,2026-05-04 23:27:03,6,2
大学毕业后的工作评分！！！【虎扑锐评】,BV1Yf421Q71L,"第一份工作客服，一个月2000块
第二份工作卖理财，干了几年没挣着什么钱，结果公司资金链断裂，自己家里投了好几十万血本无归
第三份装修设计师，靠天吃饭，经常一个月也开不了单，一直混到现在，感觉一辈子也赚不回之前家里买理财赔的钱",2024-06-23 23:18:12,530,25
大学毕业后的工作评分！！！【虎扑锐评】,BV1Yf421Q71L,毕业校招去厂里面，职位工程师，一月加80个小时班，下来9000左右。旺季能加一万多，就是坐那里熬时间，给我坐的腰疼，两年攒了十个，跑路考公考编了。现在虽然上岸，但是我特后悔。俺想逃离河南。,2024-06-19 10:21:07,306,15
大学毕业后的工作评分！！！【虎扑锐评】,BV1Yf421Q71L,进五金厂拿游标卡尺，这是我第一份工作，第二份工作流水线生产员，坚持了半年，第三份工作销售，没业绩被劝退，第四份工作当墩子做了半年，月入2000不到。第五份工作，包装厂样品经理（托关系进去的）一个部门就我一个人，一天跑到晚，直接累趴，三个月跑路工资都没要。第六份工作，干工地，做了两年人不人，鬼不鬼。第七份工作，创业开店，没生意，一年倒闭。第八份工作，工厂cnc，厂里恶意压工资，直接跑路，看不起你那几个臭钱。第九份工作，小公司混日子，基本等同于摆烂持续到现在[吃瓜],2024-06-19 11:33:31,205,15
大学毕业后的工作评分！！！【虎扑锐评】,BV1Yf421Q71L,从职高出来就去进厂了，打了两年工最后受不了主管跑路了，一年了还没找到工作，又没什么技能，在想要不要考个叉车证去工厂叉货，送外卖又不会开电瓶车[笑哭],2024-06-19 05:10:48,126,27
大学毕业后的工作评分！！！【虎扑锐评】,BV1Yf421Q71L,你毕业后的第一份工作是什么呢？[doge][doge],2024-06-18 12:58:17,123,74
大学毕业后的工作评分！！！【虎扑锐评】,BV1Yf421Q71L,还没有去，机械设备岗，想问一下是做什么的，有前景没,2024-06-18 15:02:32,74,15
大学毕业后的工作评分！！！【虎扑锐评】,BV1Yf421Q71L,"火锅店服务员那个我建议暑假工尽量别找这个，很累，事很多，除非老板人好，不或者几率我猜你遇不到
我现在就在干，两天后轮休就跑路，十三个小时一天才一百五",2024-06-25 14:15:50,63,6
大学毕业后的工作评分！！！【虎扑锐评】,BV1Yf421Q71L,毕业后莫名其妙去厂里做售后调试，就是总部培训几天后全国各地出差，工价很低，但是加班多，底薪说4000，实际上就是最低工资标准，然后加上补贴有4000。工资全靠加班，全年无休，因为休息你就没有加班费，每个月差不多一万多，如果遇到国家法定节假日加班三倍工资有一万三四左右。但是就是没休息时间，辞职后再也找不到这种了。全是几千的，不如躺平,2024-12-28 12:19:28,73,4
大学毕业后的工作评分！！！【虎扑锐评】,BV1Yf421Q71L,土木老哥是不是给up塞信封了？[doge]还能有4.3高分[吃瓜],2024-06-19 15:52:40,60,7
大学毕业后的工作评分！！！【虎扑锐评】,BV1Yf421Q71L,毕业好几年了现在做消控，可以理解成不用站岗巡逻，高级点的保安，加餐补八千一个月，但是12小时，无休，天天上班玩手机玩到下班,2024-06-24 16:49:12,52,17
大学毕业后的工作评分！！！【虎扑锐评】,BV1Yf421Q71L,进厂快一年了，最大的问题是食堂真难吃呀[藏狐],2024-06-19 13:08:47,52,3
大学毕业后的工作评分！！！【虎扑锐评】,BV1Yf421Q71L,毕业校招进工地，坚持一年半，回来人不人鬼不鬼，年龄差点在工地上定格，下定决心跑路，结果魂还没带回来[笑哭]又无缝去做销售，没业绩被劝退，一个月跑路，结果跑路的时候刚好成交一单[笑哭]至今2个月在家待业，也不知道该干什么[笑哭],2024-06-19 21:33:37,56,10
大学毕业后的工作评分！！！【虎扑锐评】,BV1Yf421Q71L,种地真行，把县城的房子卖了90万，回郊区宅基地修房子50万，旁边还有三分地种菜，生活开支降到最低，40万和父母过剩下的50年,2024-06-18 22:26:25,44,7
大学毕业后的工作评分！！！【虎扑锐评】,BV1Yf421Q71L,从学校出来，校招工作是一家半导体芯片厂，干了段时间操机仔后分到仓库，仓库舒服一些钱少一点，除了机台噪音大点，其余环境真的很不错，后来离开去了机械厂，干了几个月，工作环境较差，离职后去送几个月快递，后转现在工作岗位，还算满意，干了一年多了,2024-07-16 00:42:00,38,2
大学毕业后的工作评分！！！【虎扑锐评】,BV1Yf421Q71L,看得出来，up是真喜欢nba,2024-06-21 20:23:30,33,1
大学毕业后的工作评分！！！【虎扑锐评】,BV1Yf421Q71L,我真的就特别想问一下，在普通的大学里上课基本上混，毕业后没啥本事找不到对口工作的你们都是怎么找到出路的，听劝,2025-04-02 19:28:33,28,15
大学毕业后的工作评分！！！【虎扑锐评】,BV1Yf421Q71L,毕业即失业的啦，哦不，咱那叫自由职业者，灵活就业者,2024-06-18 23:34:39,31,0
大学毕业后的工作评分！！！【虎扑锐评】,BV1Yf421Q71L,看到餐厅服务员那绷不住了，有段时间偶尔自己一个人跑去外面吃饭，一个人点一大桌菜比别人两三个人还多，吃着吃着就饱了，剩下的菜也没人吃，看着别人都是成双成对或者一家三口或是亲朋好友的，突然觉得这饭也不香了。[妙啊],2024-06-20 12:20:39,27,1
大学毕业后的工作评分！！！【虎扑锐评】,BV1Yf421Q71L,网吧网管属实幽默，工资低活儿又多还不让玩手机,2025-04-14 19:57:39,20,7
大学毕业后的工作评分！！！【虎扑锐评】,BV1Yf421Q71L,问个问题，一份星期要加五天班，平均每天的工作时长超过12个小时不到13小时，每月工资在1万左右，含五险一金，并且劳动强度较高，工作条件一般，另外一份工作每天工成我不好另外一份工作，每天工作不超过10小时，每个月五千多，也有五险一金，工作条件较好，劳动强度适中，你们会更偏向于哪种工作？我是面向高中毕业以及大专二本毕业的新生提问[别当欧尼酱了表情包合集_远目],2025-07-27 13:44:06,16,6
大学毕业后的工作评分！！！【虎扑锐评】,BV1Yf421Q71L,救命啊，2500一个月的汽车销售，啥人脉也没有，平常有点社恐，今天才入职就打退堂鼓了[大哭],2025-03-31 20:35:20,14,12
大学毕业后的工作评分！！！【虎扑锐评】,BV1Yf421Q71L,"第一份工作 木材厂仓库文员 2700无休 3个月直接润 
第二份工作线下零售管培 当一年多店长 给我累闭了 回家躺尸半年 
第三份工作 还在找[蜡笔小新玩具小卖部_耶！]",2024-06-21 21:12:53,11,5
大学毕业后的工作评分！！！【虎扑锐评】,BV1Yf421Q71L,找工作千万别找老板过得不好的，他不好你也别想好，天天pua你，之前待的公司老板车贷房贷我都不知道他怎么敢跟我们说的，不过还算有点良心贷款给我们发工资。最后感觉对自己没有任何意义就离职了[藏狐],2025-03-16 22:50:33,9,0
大学毕业后的工作评分！！！【虎扑锐评】,BV1Yf421Q71L,以前我老师说我们这专业不愁找工作，后来我明白了，酒店老缺餐厅牛马了，点名避坑酒店管理[妙啊],2024-07-08 12:44:22,11,1
大学毕业后的工作评分！！！【虎扑锐评】,BV1Yf421Q71L,我大学毕业后第一份工作是当兵，可惜当兵两年最后没留下来退伍了，现在还在找工作,2025-05-24 22:27:36,7,2
大学毕业后的工作评分！！！【虎扑锐评】,BV1Yf421Q71L,想不到保安这个分数竟然是前三名，果然是少走几十年弯路的工作[doge_金箍],2025-06-11 15:06:19,6,1
大学毕业后的工作评分！！！【虎扑锐评】,BV1Yf421Q71L,毕业后找了一份实验室检验化验的工作，月4-6天看情况，到手五千多，工作不累一天八小时平均工作2-3小时就差不多了，不过这岗位没啥提升熬再久除非当领导要不然工资也涨不上去，现在在考虑考公考编试试或者转行找个钱多的行业,2025-01-01 20:13:45,7,0
大学毕业后的工作评分！！！【虎扑锐评】,BV1Yf421Q71L,进厂居然不是最低分的工作[思考],2024-07-15 19:39:08,7,0
大学毕业后的工作评分！！！【虎扑锐评】,BV1Yf421Q71L,我刚建了一个爱党群qq:729521178，欢迎大家加入，一起互相帮助。,2025-06-06 19:57:00,3,0
大学毕业后的工作评分！！！【虎扑锐评】,BV1Yf421Q71L,就没个好的,2024-06-30 10:18:20,3,0
大学毕业后的工作评分！！！【虎扑锐评】,BV1Yf421Q71L,男护士[doge],2024-06-18 19:14:26,4,2
大学毕业后的工作评分！！！【虎扑锐评】,BV1Yf421Q71L,毕业第一份工作画漫画，然后漫画行业不行了，第二份工作干保安，第三份工作干游戏设计师（小公司）,2025-10-26 17:26:14,2,2
大学毕业后的工作评分！！！【虎扑锐评】,BV1Yf421Q71L,煤矿[墨镜],2025-06-30 07:36:32,2,1
大学毕业后的工作评分！！！【虎扑锐评】,BV1Yf421Q71L,厨师一月七千包吃住（吃住条件都很好），没五险一金，一天10小时无休，过年15天不营业。做完自己活店里没生意的话随便玩。这条件可以吗？,2025-06-01 03:11:29,2,5
大学毕业后的工作评分！！！【虎扑锐评】,BV1Yf421Q71L,焊接技术与工程毕业能干啥？,2024-06-19 10:49:10,2,5
大学毕业后的工作评分！！！【虎扑锐评】,BV1Yf421Q71L,b友们帮我看看这个工作适合长期干嘛，注浆站，一天开200，没假期，三班倒，我大学学设计的，被家人安排在这了，我04年的，老感觉在这憋的慌，地方有点偏，没年轻人，很无聊[热],2025-08-30 16:08:48,4,6
大学毕业后的工作评分！！！【虎扑锐评】,BV1Yf421Q71L,保安评分那么高的吗，居然有9.5,2024-12-15 05:48:10,3,2
大学毕业后的工作评分！！！【虎扑锐评】,BV1Yf421Q71L,"视频信息识别成功[鼓掌]~识片识曲找我识片酱就对啦[微笑]
【音乐信息】
1. 《Sold Out》:00:02-00:14，02:25-02:32
--up创作不易，一键三连必需[打call][打call][打call]",2024-06-19 14:23:24,3,0
大学毕业后的工作评分！！！【虎扑锐评】,BV1Yf421Q71L,高三毕业，现在一个月一万块钱工资了[微笑],2026-03-13 23:54:50,1,2
大学毕业后的工作评分！！！【虎扑锐评】,BV1Yf421Q71L,快递与网约车呢？,2025-08-29 17:34:14,1,0
大学毕业后的工作评分！！！【虎扑锐评】,BV1Yf421Q71L,[热词系列_打卡],2024-12-19 22:22:02,1,0
大学毕业后的工作评分！！！【虎扑锐评】,BV1Yf421Q71L,工程部没活干啊基建停了啊,2024-07-06 22:30:21,2,0
大学毕业后的工作评分！！！【虎扑锐评】,BV1Yf421Q71L,主播的除去啥意思,2024-06-21 21:56:18,2,3
大学毕业后的工作评分！！！【虎扑锐评】,BV1Yf421Q71L,干销售，你如果是女性，只要穿个黑丝之类的，包你业绩提高百分之五十[doge][doge][doge],2025-07-04 14:20:33,3,0
大学毕业后的工作评分！！！【虎扑锐评】,BV1Yf421Q71L,本人98年 大专毕业开始玩互联网 现在做了三年亚马逊 一个月5.6w上下 我肯定不是大成功者 但是一直在慢慢变好 我愿意指点想做跨境电商的人 不收任何米 中国人不骗中国人 看到消息我及时回复（不卖课 要买课的别来）,2024-06-28 00:12:00,5,15
大学毕业后的工作评分！！！【虎扑锐评】,BV1Yf421Q71L,干FPGA怎么样,2026-03-22 11:13:34,0,0
大学毕业后的工作评分！！！【虎扑锐评】,BV1Yf421Q71L,我建了个企业微信群，里面都是马上毕业或者需要找工作的，方便大家互相了解其他的工作跟真实情况。,2026-02-24 18:36:14,0,0
大学毕业后的工作评分！！！【虎扑锐评】,BV1Yf421Q71L,我厨师 冷菜一个月6500[笑哭]在北京工作量大的时候能拿8000现在青岛工作比较轻松上班能玩手机 所以钱就比较少了,2026-01-08 21:08:29,0,0
大学毕业后的工作评分！！！【虎扑锐评】,BV1Yf421Q71L,什么工作强度低一点 工资要求很低,2025-12-08 12:32:23,0,0
大学毕业后的工作评分！！！【虎扑锐评】,BV1Yf421Q71L,给兄弟们把路指明,2025-06-13 18:20:30,6,0
